PRAGMA foreign_keys=OFF;
BEGIN TRANSACTION;
CREATE TABLE IF NOT EXISTS "django_migrations" ("id" SERIAL NOT NULL PRIMARY KEY, "app" varchar(255) NOT NULL, "name" varchar(255) NOT NULL, "applied" datetime NOT NULL);
INSERT INTO django_migrations VALUES(1,'contenttypes','0001_initial','2023-05-24 06:48:06.883672');
INSERT INTO django_migrations VALUES(2,'auth','0001_initial','2023-05-24 06:48:07.240633');
INSERT INTO django_migrations VALUES(3,'admin','0001_initial','2023-05-24 06:48:07.509246');
INSERT INTO django_migrations VALUES(4,'admin','0002_logentry_remove_auto_add','2023-05-24 06:48:07.630180');
INSERT INTO django_migrations VALUES(5,'admin','0003_logentry_add_action_flag_choices','2023-05-24 06:48:07.782166');
INSERT INTO django_migrations VALUES(6,'contenttypes','0002_remove_content_type_name','2023-05-24 06:48:07.991272');
INSERT INTO django_migrations VALUES(7,'auth','0002_alter_permission_name_max_length','2023-05-24 06:48:08.144657');
INSERT INTO django_migrations VALUES(8,'auth','0003_alter_user_email_max_length','2023-05-24 06:48:08.335824');
INSERT INTO django_migrations VALUES(9,'auth','0004_alter_user_username_opts','2023-05-24 06:48:08.486928');
INSERT INTO django_migrations VALUES(10,'auth','0005_alter_user_last_login_null','2023-05-24 06:48:08.656653');
INSERT INTO django_migrations VALUES(11,'auth','0006_require_contenttypes_0002','2023-05-24 06:48:08.782972');
INSERT INTO django_migrations VALUES(12,'auth','0007_alter_validators_add_error_messages','2023-05-24 06:48:08.890725');
INSERT INTO django_migrations VALUES(13,'auth','0008_alter_user_username_max_length','2023-05-24 06:48:08.978718');
INSERT INTO django_migrations VALUES(14,'auth','0009_alter_user_last_name_max_length','2023-05-24 06:48:09.164440');
INSERT INTO django_migrations VALUES(15,'auth','0010_alter_group_name_max_length','2023-05-24 06:48:09.314493');
INSERT INTO django_migrations VALUES(16,'auth','0011_update_proxy_permissions','2023-05-24 06:48:09.449074');
INSERT INTO django_migrations VALUES(17,'auth','0012_alter_user_first_name_max_length','2023-05-24 06:48:09.603766');
INSERT INTO django_migrations VALUES(18,'sessions','0001_initial','2023-05-24 06:48:09.901136');
INSERT INTO django_migrations VALUES(19,'userprofile','0001_initial','2023-05-24 07:40:57.282733');
INSERT INTO django_migrations VALUES(20,'store','0001_initial','2023-05-24 07:48:29.402513');
INSERT INTO django_migrations VALUES(21,'store','0002_alter_category_options_product','2023-05-24 08:09:10.718405');
INSERT INTO django_migrations VALUES(22,'store','0003_alter_category_options','2023-05-24 09:09:20.121655');
INSERT INTO django_migrations VALUES(23,'store','0004_alter_product_options_product_image','2023-05-24 13:53:49.527441');
INSERT INTO django_migrations VALUES(24,'store','0005_product_status','2023-05-27 11:08:37.848804');
INSERT INTO django_migrations VALUES(25,'store','0006_product_thumbnail','2023-05-27 11:08:38.071796');
INSERT INTO django_migrations VALUES(26,'store','0007_alter_product_slug','2023-05-30 01:26:10.619355');
INSERT INTO django_migrations VALUES(27,'store','0008_alter_product_slug','2023-05-30 01:26:10.842139');
INSERT INTO django_migrations VALUES(28,'store','0009_alter_product_slug','2023-05-30 01:26:11.181703');
INSERT INTO django_migrations VALUES(29,'store','0010_alter_product_thumbnail','2023-05-30 01:26:11.332609');
INSERT INTO django_migrations VALUES(30,'store','0011_alter_product_image','2023-05-30 01:26:11.499738');
INSERT INTO django_migrations VALUES(31,'store','0012_order_orderitem','2023-05-30 01:26:11.913214');
INSERT INTO django_migrations VALUES(32,'store','0013_order_state','2023-05-30 01:26:12.166433');
INSERT INTO django_migrations VALUES(33,'store','0014_alter_product_price','2023-05-30 01:26:12.368505');
INSERT INTO django_migrations VALUES(34,'store','0015_alter_product_price','2023-05-30 01:26:12.493431');
INSERT INTO django_migrations VALUES(35,'userprofile','0002_userprofile_address_userprofile_whatsapp_no','2023-05-30 01:26:12.669272');
INSERT INTO django_migrations VALUES(36,'userprofile','0003_remove_userprofile_address_and_more','2023-05-30 01:26:12.839876');
INSERT INTO django_migrations VALUES(37,'userprofile','0004_userprofile_is_vendor','2023-05-30 01:26:13.000911');
INSERT INTO django_migrations VALUES(38,'userprofile','0005_alter_userprofile_is_vendor','2023-05-30 01:26:13.127372');
INSERT INTO django_migrations VALUES(39,'userprofile','0006_userprofile_is_user_alter_userprofile_is_vendor','2023-05-30 01:26:13.324485');
INSERT INTO django_migrations VALUES(40,'userprofile','0007_remove_userprofile_is_user','2023-05-30 01:26:13.471709');
INSERT INTO django_migrations VALUES(41,'userprofile','0008_customuser','2023-05-30 01:26:13.706494');
INSERT INTO django_migrations VALUES(42,'userprofile','0009_remove_customuser_age_remove_userprofile_is_vendor_and_more','2023-05-30 01:26:13.918643');
INSERT INTO django_migrations VALUES(43,'userprofile','0010_alter_customuser_is_user_alter_customuser_is_vendor','2023-05-30 01:26:14.121523');
INSERT INTO django_migrations VALUES(44,'userprofile','0011_userprofile_is_vendor_delete_customuser','2023-05-30 01:26:14.253402');
INSERT INTO django_migrations VALUES(45,'userprofile','0012_customuser','2023-05-30 01:26:14.387761');
INSERT INTO django_migrations VALUES(46,'userprofile','0013_alter_customuser_options_alter_customuser_managers_and_more','2023-05-30 01:26:14.727621');
INSERT INTO django_migrations VALUES(47,'userprofile','0014_delete_customuser','2023-05-30 01:26:14.858047');
INSERT INTO django_migrations VALUES(48,'userprofile','0015_userprofile_is_user','2023-05-30 01:26:14.988968');
INSERT INTO django_migrations VALUES(49,'userprofile','0016_alter_userprofile_is_vendor','2023-05-30 01:26:15.150762');
INSERT INTO django_migrations VALUES(50,'userprofile','0017_alter_userprofile_is_vendor','2023-05-30 01:26:15.249710');
INSERT INTO django_migrations VALUES(51,'userprofile','0018_remove_userprofile_is_user_and_more','2023-05-30 01:26:15.397620');
INSERT INTO django_migrations VALUES(52,'userprofile','0019_alter_userprofile_is_vendor','2023-05-30 01:26:15.571757');
INSERT INTO django_migrations VALUES(53,'userprofile','0020_userprofile_whatsapp','2023-05-30 01:40:47.445122');
INSERT INTO django_migrations VALUES(54,'userprofile','0021_alter_userprofile_whatsapp','2023-05-30 01:57:59.854210');
INSERT INTO django_migrations VALUES(55,'userprofile','0022_rename_whatsapp_userprofile_company_whatsapp_number_and_more','2023-05-30 02:05:19.621608');
INSERT INTO django_migrations VALUES(56,'userprofile','0023_userprofile_about_userprofile_company_address_and_more','2023-05-30 02:10:50.231392');
INSERT INTO django_migrations VALUES(57,'userprofile','0024_customuser','2023-05-30 02:22:01.858176');
INSERT INTO django_migrations VALUES(58,'userprofile','0025_remove_customuser_phone_number_and_more','2023-05-30 02:30:04.734066');
INSERT INTO django_migrations VALUES(59,'userprofile','0026_userprofile_is_vendor_alter_customuser_is_vendor','2023-05-30 02:39:22.084411');
INSERT INTO django_migrations VALUES(60,'store','0016_alter_category_options_remove_product_category_and_more','2023-05-30 22:59:56.438396');
INSERT INTO django_migrations VALUES(61,'store','0017_alter_category_options','2023-05-30 22:59:56.601799');
INSERT INTO django_migrations VALUES(62,'store','0018_remove_orderitem_order_remove_orderitem_product_and_more','2023-05-30 22:59:56.781082');
INSERT INTO django_migrations VALUES(63,'store','0019_order_orderitem_alter_category_options_and_more','2023-05-30 22:59:57.041548');
INSERT INTO django_migrations VALUES(64,'store','0020_subcategory','2023-05-31 00:27:49.672944');
INSERT INTO django_migrations VALUES(65,'store','0021_product_subcategory_alter_product_status','2023-05-31 00:33:04.084325');
INSERT INTO django_migrations VALUES(66,'store','0022_remove_orderitem_order_remove_orderitem_product_and_more','2023-06-01 20:12:40.922261');
INSERT INTO django_migrations VALUES(67,'userprofile','0027_alter_userprofile_company_whatsapp_number','2023-06-02 15:48:05.041498');
INSERT INTO django_migrations VALUES(68,'userprofile','0028_userprofile_company_phone_number_and_more','2023-06-04 02:56:30.163299');
INSERT INTO django_migrations VALUES(69,'userprofile','0029_remove_userprofile_company_phone_number_and_more','2023-06-04 03:04:32.262435');
INSERT INTO django_migrations VALUES(70,'userprofile','0030_userprofile_lga_userprofile_state','2023-06-05 14:45:43.628655');
INSERT INTO django_migrations VALUES(71,'store','0023_product_lga_product_state','2023-06-05 22:49:45.041735');
INSERT INTO django_migrations VALUES(72,'store','0024_remove_product_lga_remove_product_state_and_more','2023-06-05 23:22:30.890054');
INSERT INTO django_migrations VALUES(73,'userprofile','0031_state_alter_userprofile_state','2023-06-06 14:37:15.286705');
INSERT INTO django_migrations VALUES(74,'userprofile','0032_userprofile_website','2023-06-06 18:09:21.178571');
INSERT INTO django_migrations VALUES(75,'userprofile','0033_delete_customuser','2023-06-12 09:15:00.533942');
INSERT INTO django_migrations VALUES(76,'userprofile','0034_userprofile_last_vendor_set_date','2023-06-13 12:50:59.461396');
INSERT INTO django_migrations VALUES(77,'django_apscheduler','0001_initial','2023-06-13 15:55:40.402089');
INSERT INTO django_migrations VALUES(78,'django_apscheduler','0002_auto_20180412_0758','2023-06-13 15:55:40.560080');
INSERT INTO django_migrations VALUES(79,'django_apscheduler','0003_auto_20200716_1632','2023-06-13 15:55:40.755657');
INSERT INTO django_migrations VALUES(80,'django_apscheduler','0004_auto_20200717_1043','2023-06-13 15:55:40.936310');
INSERT INTO django_migrations VALUES(81,'django_apscheduler','0005_migrate_name_to_id','2023-06-13 15:55:41.168328');
INSERT INTO django_migrations VALUES(82,'django_apscheduler','0006_remove_djangojob_name','2023-06-13 15:55:41.345574');
INSERT INTO django_migrations VALUES(83,'django_apscheduler','0007_auto_20200717_1404','2023-06-13 15:55:41.507934');
INSERT INTO django_migrations VALUES(84,'django_apscheduler','0008_remove_djangojobexecution_started','2023-06-13 15:55:41.735195');
INSERT INTO django_migrations VALUES(85,'django_apscheduler','0009_djangojobexecution_unique_job_executions','2023-06-13 15:55:42.021030');
INSERT INTO django_migrations VALUES(86,'userprofile','0035_userprofile_vendor_activation_date','2023-06-13 18:20:22.156555');
INSERT INTO django_migrations VALUES(87,'userprofile','0036_remove_userprofile_last_vendor_set_date','2023-06-13 18:21:11.617441');
INSERT INTO django_migrations VALUES(88,'userprofile','0037_remove_userprofile_vendor_activation_date','2023-06-13 19:59:50.974107');
INSERT INTO django_migrations VALUES(89,'userprofile','0038_remove_userprofile_company_email','2023-06-16 12:39:30.224594');
INSERT INTO django_migrations VALUES(90,'store','0025_alter_product_image','2023-06-22 21:42:52.388998');
INSERT INTO django_migrations VALUES(91,'userprofile','0039_alter_userprofile_state','2023-06-22 21:42:52.663054');
INSERT INTO django_migrations VALUES(92,'userprofile','0040_userprofile_vendor_expiry_time','2023-06-27 09:51:50.032691');
INSERT INTO django_migrations VALUES(93,'django_cron','0001_initial','2023-06-27 10:38:32.803369');
INSERT INTO django_migrations VALUES(94,'django_cron','0002_remove_max_length_from_CronJobLog_message','2023-06-27 10:38:32.933966');
INSERT INTO django_migrations VALUES(95,'django_cron','0003_cronjoblock','2023-06-27 10:38:33.026313');
INSERT INTO django_migrations VALUES(96,'django_celery_beat','0001_initial','2023-06-27 18:02:35.640529');
INSERT INTO django_migrations VALUES(97,'django_celery_beat','0002_auto_20161118_0346','2023-06-27 18:02:35.983116');
INSERT INTO django_migrations VALUES(98,'django_celery_beat','0003_auto_20161209_0049','2023-06-27 18:02:36.097944');
INSERT INTO django_migrations VALUES(99,'django_celery_beat','0004_auto_20170221_0000','2023-06-27 18:02:36.227746');
INSERT INTO django_migrations VALUES(100,'django_celery_beat','0005_add_solarschedule_events_choices','2023-06-27 18:02:36.465511');
INSERT INTO django_migrations VALUES(101,'django_celery_beat','0006_auto_20180322_0932','2023-06-27 18:02:36.636994');
INSERT INTO django_migrations VALUES(102,'django_celery_beat','0007_auto_20180521_0826','2023-06-27 18:02:36.835373');
INSERT INTO django_migrations VALUES(103,'django_celery_beat','0008_auto_20180914_1922','2023-06-27 18:02:37.023530');
INSERT INTO django_migrations VALUES(104,'django_celery_beat','0006_auto_20180210_1226','2023-06-27 18:02:37.141532');
INSERT INTO django_migrations VALUES(105,'django_celery_beat','0006_periodictask_priority','2023-06-27 18:02:37.230532');
INSERT INTO django_migrations VALUES(106,'django_celery_beat','0009_periodictask_headers','2023-06-27 18:02:37.352534');
INSERT INTO django_migrations VALUES(107,'django_celery_beat','0010_auto_20190429_0326','2023-06-27 18:02:37.701388');
INSERT INTO django_migrations VALUES(108,'django_celery_beat','0011_auto_20190508_0153','2023-06-27 18:02:37.936273');
INSERT INTO django_migrations VALUES(109,'django_celery_beat','0012_periodictask_expire_seconds','2023-06-27 18:02:38.049935');
INSERT INTO django_migrations VALUES(110,'django_celery_beat','0013_auto_20200609_0727','2023-06-27 18:02:38.174932');
INSERT INTO django_migrations VALUES(111,'django_celery_beat','0014_remove_clockedschedule_enabled','2023-06-27 18:02:38.342219');
INSERT INTO django_migrations VALUES(112,'django_celery_beat','0015_edit_solarschedule_events_choices','2023-06-27 18:02:38.449880');
INSERT INTO django_migrations VALUES(113,'django_celery_beat','0016_alter_crontabschedule_timezone','2023-06-27 18:02:38.569699');
INSERT INTO django_migrations VALUES(114,'django_celery_beat','0017_alter_crontabschedule_month_of_year','2023-06-27 18:02:38.693324');
INSERT INTO django_migrations VALUES(115,'django_celery_beat','0018_improve_crontab_helptext','2023-06-27 18:02:38.831037');
INSERT INTO django_migrations VALUES(116,'store','0026_category_name','2023-07-04 00:09:27.494968');
INSERT INTO django_migrations VALUES(117,'store','0027_remove_category_name','2023-07-04 00:09:27.659466');
INSERT INTO django_migrations VALUES(118,'store','0028_testing','2023-07-04 00:09:27.784556');
INSERT INTO django_migrations VALUES(119,'store','0029_delete_testing','2023-07-04 00:09:27.906651');
INSERT INTO django_migrations VALUES(120,'store','0030_product_condition','2023-07-04 00:09:28.019045');
INSERT INTO django_migrations VALUES(121,'store','0031_alter_product_condition','2023-07-04 00:09:28.174345');
INSERT INTO django_migrations VALUES(122,'store','0032_alter_product_condition_alter_product_price','2023-07-04 00:09:28.325683');
INSERT INTO django_migrations VALUES(123,'userprofile','0041_remove_userprofile_vendor_expiry_time','2023-07-04 00:09:28.523232');
INSERT INTO django_migrations VALUES(124,'store','0033_remove_product_thumbnail','2023-07-04 00:18:48.767227');
INSERT INTO django_migrations VALUES(125,'store','0034_product_brand','2023-07-06 20:32:17.927887');
INSERT INTO django_migrations VALUES(126,'store','0035_product_model','2023-07-06 20:42:50.995367');
INSERT INTO django_migrations VALUES(127,'store','0036_alter_product_condition','2023-07-06 20:55:47.755476');
INSERT INTO django_migrations VALUES(128,'jet','0001_initial','2023-07-09 18:37:44.163074');
INSERT INTO django_migrations VALUES(129,'jet','0002_delete_userdashboardmodule','2023-07-09 18:37:44.249052');
INSERT INTO django_migrations VALUES(130,'jet','0003_alter_bookmark_id_alter_pinnedapplication_id','2023-08-01 18:09:14.394612');
INSERT INTO django_migrations VALUES(131,'userprofile','0042_alter_state_options','2023-08-01 18:09:14.474613');
INSERT INTO django_migrations VALUES(132,'store','0037_category_title_en_category_title_pt','2023-09-28 08:47:27.403845');
INSERT INTO django_migrations VALUES(133,'store','0038_alter_category_options_subcategory_title_en_and_more','2023-09-28 09:31:23.281900');
INSERT INTO django_migrations VALUES(134,'store','0039_alter_category_options','2023-09-29 17:45:31.669346');
CREATE TABLE IF NOT EXISTS "auth_group_permissions" ("id" SERIAL NOT NULL PRIMARY KEY, "group_id" SERIAL NOT NULL REFERENCES "auth_group" ("id") DEFERRABLE INITIALLY DEFERRED, "permission_id" SERIAL NOT NULL REFERENCES "auth_permission" ("id") DEFERRABLE INITIALLY DEFERRED);
CREATE TABLE IF NOT EXISTS "auth_user_groups" ("id" SERIAL NOT NULL PRIMARY KEY, "user_id" SERIAL NOT NULL REFERENCES "auth_user" ("id") DEFERRABLE INITIALLY DEFERRED, "group_id" SERIAL NOT NULL REFERENCES "auth_group" ("id") DEFERRABLE INITIALLY DEFERRED);
CREATE TABLE IF NOT EXISTS "auth_user_user_permissions" ("id" SERIAL NOT NULL PRIMARY KEY, "user_id" SERIAL NOT NULL REFERENCES "auth_user" ("id") DEFERRABLE INITIALLY DEFERRED, "permission_id" SERIAL NOT NULL REFERENCES "auth_permission" ("id") DEFERRABLE INITIALLY DEFERRED);
CREATE TABLE IF NOT EXISTS "django_admin_log" ("id" SERIAL NOT NULL PRIMARY KEY, "object_id" text NULL, "object_repr" varchar(200) NOT NULL, "action_flag" smallint unsigned NOT NULL CHECK ("action_flag" >= 0), "change_message" text NOT NULL, "content_type_id" SERIAL NULL REFERENCES "django_content_type" ("id") DEFERRABLE INITIALLY DEFERRED, "user_id" SERIAL NOT NULL REFERENCES "auth_user" ("id") DEFERRABLE INITIALLY DEFERRED, "action_time" datetime NOT NULL);
INSERT INTO django_admin_log VALUES(1,'1','ADMIN-AUTO',1,'[{"added": {}}]',7,1,'2023-05-24 07:44:25.292516');
INSERT INTO django_admin_log VALUES(2,'1','Category object (1)',1,'[{"added": {}}]',8,1,'2023-05-24 07:50:51.211293');
INSERT INTO django_admin_log VALUES(3,'2','Category object (2)',1,'[{"added": {}}]',8,1,'2023-05-24 07:51:06.739296');
INSERT INTO django_admin_log VALUES(4,'1','Jammer',1,'[{"added": {}}]',9,1,'2023-05-24 08:10:39.950090');
INSERT INTO django_admin_log VALUES(5,'2','Drill',1,'[{"added": {}}]',9,1,'2023-05-24 08:11:10.948246');
INSERT INTO django_admin_log VALUES(6,'3','Head Lamp',1,'[{"added": {}}]',9,1,'2023-05-24 08:21:07.392986');
INSERT INTO django_admin_log VALUES(7,'4','Touch',1,'[{"added": {}}]',9,1,'2023-05-24 08:21:32.511805');
INSERT INTO django_admin_log VALUES(8,'3','AUTOMOTIVE',1,'[{"added": {}}]',8,1,'2023-05-24 09:05:59.336786');
INSERT INTO django_admin_log VALUES(9,'4','ELECTRONICS',1,'[{"added": {}}]',8,1,'2023-05-24 09:06:24.754835');
INSERT INTO django_admin_log VALUES(10,'5','BUILDING MATERIAL',1,'[{"added": {}}]',8,1,'2023-05-24 09:07:03.745118');
INSERT INTO django_admin_log VALUES(11,'6','TECHNOLOGY',1,'[{"added": {}}]',8,1,'2023-05-24 09:07:43.451785');
INSERT INTO django_admin_log VALUES(12,'7','SERVICES',1,'[{"added": {}}]',8,1,'2023-05-24 09:08:07.669730');
INSERT INTO django_admin_log VALUES(13,'4','Touch',2,'[{"changed": {"fields": ["Price"]}}]',9,1,'2023-05-24 11:21:14.710688');
INSERT INTO django_admin_log VALUES(14,'4','Touch',2,'[{"changed": {"fields": ["Price"]}}]',9,1,'2023-05-24 11:26:15.049475');
INSERT INTO django_admin_log VALUES(15,'4','Touch',2,'[{"changed": {"fields": ["Description"]}}]',9,1,'2023-05-24 12:05:38.526742');
INSERT INTO django_admin_log VALUES(16,'2','Nonso',1,'[{"added": {}}]',4,1,'2023-05-24 13:29:32.413736');
INSERT INTO django_admin_log VALUES(17,'2','Nonso',2,'[]',4,1,'2023-05-24 13:29:40.967568');
INSERT INTO django_admin_log VALUES(18,'2','Nonso',1,'[{"added": {}}]',7,1,'2023-05-24 13:30:04.210652');
INSERT INTO django_admin_log VALUES(19,'2','Nonso',3,'',7,1,'2023-05-24 13:30:18.344495');
INSERT INTO django_admin_log VALUES(20,'5','Cement',1,'[{"added": {}}]',9,1,'2023-05-24 13:31:26.664462');
INSERT INTO django_admin_log VALUES(21,'2','Drill',2,'[{"changed": {"fields": ["Image"]}}]',9,1,'2023-05-24 13:55:52.703281');
INSERT INTO django_admin_log VALUES(22,'4','Touch',2,'[{"changed": {"fields": ["Image"]}}]',9,1,'2023-05-24 13:58:31.031910');
INSERT INTO django_admin_log VALUES(23,'6','Technology',2,'[{"changed": {"fields": ["Title"]}}]',8,1,'2023-05-24 19:32:24.642456');
INSERT INTO django_admin_log VALUES(24,'7','Services',2,'[{"changed": {"fields": ["Title"]}}]',8,1,'2023-05-24 19:32:42.945750');
INSERT INTO django_admin_log VALUES(25,'5','Building Material',2,'[{"changed": {"fields": ["Title"]}}]',8,1,'2023-05-24 19:33:33.790930');
INSERT INTO django_admin_log VALUES(26,'4','Electronics',2,'[{"changed": {"fields": ["Title"]}}]',8,1,'2023-05-24 19:34:01.978803');
INSERT INTO django_admin_log VALUES(27,'3','Automotive',2,'[{"changed": {"fields": ["Title"]}}]',8,1,'2023-05-24 19:34:18.867232');
INSERT INTO django_admin_log VALUES(28,'4','Touch',2,'[{"changed": {"fields": ["Image"]}}]',9,1,'2023-05-25 13:45:37.949558');
INSERT INTO django_admin_log VALUES(29,'4','Touch',2,'[{"changed": {"fields": ["Image"]}}]',9,1,'2023-05-25 14:00:42.482786');
INSERT INTO django_admin_log VALUES(30,'5','Cement',2,'[{"changed": {"fields": ["Image"]}}]',9,1,'2023-05-25 14:00:54.611960');
INSERT INTO django_admin_log VALUES(31,'3','Head Lamp',2,'[{"changed": {"fields": ["Image"]}}]',9,1,'2023-05-25 14:01:18.760251');
INSERT INTO django_admin_log VALUES(32,'2','Drill',2,'[{"changed": {"fields": ["Image"]}}]',9,1,'2023-05-25 14:01:31.390718');
INSERT INTO django_admin_log VALUES(33,'1','Jammer',2,'[{"changed": {"fields": ["Image"]}}]',9,1,'2023-05-25 14:01:44.893975');
INSERT INTO django_admin_log VALUES(34,'6','Sand',1,'[{"added": {}}]',9,1,'2023-05-25 14:42:14.006416');
INSERT INTO django_admin_log VALUES(35,'4','Nonso',1,'[{"added": {}}]',7,1,'2023-05-25 15:10:10.689997');
INSERT INTO django_admin_log VALUES(36,'6','Sand',2,'[{"changed": {"fields": ["Image"]}}]',9,1,'2023-05-25 18:29:09.810354');
INSERT INTO django_admin_log VALUES(37,'5','Cement',2,'[{"changed": {"fields": ["Status"]}}]',9,1,'2023-05-27 16:40:23.053621');
INSERT INTO django_admin_log VALUES(38,'4','Touch',3,'',9,1,'2023-05-27 16:41:14.704014');
INSERT INTO django_admin_log VALUES(39,'3','Head Lamp',3,'',9,1,'2023-05-27 16:41:22.246792');
INSERT INTO django_admin_log VALUES(40,'2','Drill',3,'',9,1,'2023-05-27 16:41:38.242896');
INSERT INTO django_admin_log VALUES(41,'5','Cement',3,'',9,1,'2023-05-27 16:41:46.443030');
INSERT INTO django_admin_log VALUES(42,'1','Jammer',3,'',9,1,'2023-05-27 16:41:52.779964');
INSERT INTO django_admin_log VALUES(43,'6','Sand',3,'',9,1,'2023-05-30 01:28:00.956784');
INSERT INTO django_admin_log VALUES(44,'2','Light',3,'',8,1,'2023-05-30 01:28:28.585132');
INSERT INTO django_admin_log VALUES(45,'1','Machine',3,'',8,1,'2023-05-30 01:28:28.723963');
INSERT INTO django_admin_log VALUES(46,'1','ADMIN-AUTO',2,'[{"changed": {"fields": ["Is vendor"]}}]',7,1,'2023-05-30 01:31:07.544671');
INSERT INTO django_admin_log VALUES(47,'1','ADMIN-AUTO',2,'[{"changed": {"fields": ["WhatsApp"]}}]',7,1,'2023-05-30 01:41:26.732603');
INSERT INTO django_admin_log VALUES(48,'1','ADMIN-AUTO',2,'[{"changed": {"fields": ["WhatsApp"]}}]',7,1,'2023-05-30 01:58:09.324323');
INSERT INTO django_admin_log VALUES(49,'1','ADMIN-AUTO',2,'[{"changed": {"fields": ["Is vendor"]}}]',7,1,'2023-05-30 22:49:12.941586');
INSERT INTO django_admin_log VALUES(50,'7','Ps4',3,'',9,1,'2023-05-30 22:56:44.566348');
INSERT INTO django_admin_log VALUES(51,'10','Car',3,'',9,1,'2023-05-30 22:59:26.958230');
INSERT INTO django_admin_log VALUES(52,'9','Watch',3,'',9,1,'2023-05-30 22:59:27.090861');
INSERT INTO django_admin_log VALUES(53,'8','Car',3,'',9,1,'2023-05-30 22:59:27.290148');
INSERT INTO django_admin_log VALUES(54,'1','Buy Car',1,'[{"added": {}}]',13,1,'2023-05-31 00:30:19.357950');
INSERT INTO django_admin_log VALUES(55,'1','Car',1,'[{"added": {}}]',9,1,'2023-05-31 00:33:49.402090');
INSERT INTO django_admin_log VALUES(56,'1','Car',2,'[{"changed": {"fields": ["Slug"]}}]',9,1,'2023-05-31 01:06:04.739932');
INSERT INTO django_admin_log VALUES(57,'1','Car',2,'[{"changed": {"fields": ["Status"]}}]',9,1,'2023-05-31 01:06:56.472353');
INSERT INTO django_admin_log VALUES(58,'2','Tile',2,'[{"changed": {"fields": ["Subcategory"]}}]',9,1,'2023-05-31 01:40:45.766948');
INSERT INTO django_admin_log VALUES(59,'3','Ps4',2,'[{"changed": {"fields": ["Subcategory"]}}]',9,1,'2023-05-31 01:45:13.077621');
INSERT INTO django_admin_log VALUES(60,'2','Gadgets',1,'[{"added": {}}]',13,1,'2023-05-31 01:58:42.231688');
INSERT INTO django_admin_log VALUES(61,'6','Software & Technology',2,'[{"changed": {"fields": ["Title", "Slug"]}}]',8,1,'2023-05-31 07:46:15.780493');
INSERT INTO django_admin_log VALUES(62,'8','Engineering',1,'[{"added": {}}]',8,1,'2023-05-31 07:51:23.412208');
INSERT INTO django_admin_log VALUES(63,'9','Agricultural',1,'[{"added": {}}]',8,1,'2023-05-31 07:51:50.667374');
INSERT INTO django_admin_log VALUES(64,'10','Fashion',1,'[{"added": {}}]',8,1,'2023-05-31 07:52:17.012695');
INSERT INTO django_admin_log VALUES(65,'11','Real Estate',1,'[{"added": {}}]',8,1,'2023-05-31 07:52:28.746713');
INSERT INTO django_admin_log VALUES(66,'4','Electronics and Gadget',2,'[{"changed": {"fields": ["Title", "Slug"]}}]',8,1,'2023-05-31 12:44:12.231338');
INSERT INTO django_admin_log VALUES(67,'2','Washing Machine Store',2,'[{"changed": {"fields": ["Title", "Slug"]}}]',13,1,'2023-05-31 12:46:43.945843');
INSERT INTO django_admin_log VALUES(68,'3','Freezer & Refrigerator Store',1,'[{"added": {}}]',13,1,'2023-05-31 12:49:10.236838');
INSERT INTO django_admin_log VALUES(69,'4','Cooking Machine',1,'[{"added": {}}]',13,1,'2023-05-31 12:54:05.447664');
INSERT INTO django_admin_log VALUES(70,'5','Genegrator Store',1,'[{"added": {}}]',13,1,'2023-05-31 12:54:45.568940');
INSERT INTO django_admin_log VALUES(71,'6','Playstation Store',1,'[{"added": {}}]',13,1,'2023-05-31 12:55:27.873224');
INSERT INTO django_admin_log VALUES(72,'7','Musicbox and Headset Store',1,'[{"added": {}}]',13,1,'2023-05-31 12:56:21.374821');
INSERT INTO django_admin_log VALUES(73,'8','Phone & Laptop Store',1,'[{"added": {}}]',13,1,'2023-05-31 12:57:20.702500');
INSERT INTO django_admin_log VALUES(74,'9','Buy House',1,'[{"added": {}}]',13,1,'2023-05-31 13:17:59.964476');
INSERT INTO django_admin_log VALUES(75,'10','Buy House',1,'[{"added": {}}]',13,1,'2023-05-31 13:18:00.330486');
INSERT INTO django_admin_log VALUES(76,'11','Buy Land',1,'[{"added": {}}]',13,1,'2023-05-31 13:18:32.588212');
INSERT INTO django_admin_log VALUES(77,'12','Rent House',1,'[{"added": {}}]',13,1,'2023-05-31 13:19:05.879146');
INSERT INTO django_admin_log VALUES(78,'13','Buy Vehicle',1,'[{"added": {}}]',13,1,'2023-05-31 13:19:55.423709');
INSERT INTO django_admin_log VALUES(79,'14','Buy Engine',1,'[{"added": {}}]',13,1,'2023-05-31 13:20:31.635444');
INSERT INTO django_admin_log VALUES(80,'15','Buy Trucks',1,'[{"added": {}}]',13,1,'2023-05-31 13:21:26.708157');
INSERT INTO django_admin_log VALUES(81,'16','Buy Bus',1,'[{"added": {}}]',13,1,'2023-05-31 13:21:47.794819');
INSERT INTO django_admin_log VALUES(82,'16','Buy Buses',2,'[{"changed": {"fields": ["Title", "Slug"]}}]',13,1,'2023-05-31 13:22:14.677258');
INSERT INTO django_admin_log VALUES(83,'17','Buy Equipements',1,'[{"added": {}}]',13,1,'2023-05-31 13:23:35.194711');
INSERT INTO django_admin_log VALUES(84,'18','Buy Motorcycle',1,'[{"added": {}}]',13,1,'2023-05-31 13:24:15.902264');
INSERT INTO django_admin_log VALUES(85,'19','Buy Tricycle (keke)',1,'[{"added": {}}]',13,1,'2023-05-31 13:24:59.086106');
INSERT INTO django_admin_log VALUES(86,'13','Buy Vehicle',3,'',13,1,'2023-05-31 13:25:35.444962');
INSERT INTO django_admin_log VALUES(87,'1','Buy Vehicle',2,'[{"changed": {"fields": ["Title", "Slug"]}}]',13,1,'2023-05-31 13:25:57.729924');
INSERT INTO django_admin_log VALUES(88,'20','Legal Firm',1,'[{"added": {}}]',13,1,'2023-05-31 13:28:27.309044');
INSERT INTO django_admin_log VALUES(89,'21','Marketing & Advertising Company',1,'[{"added": {}}]',13,1,'2023-05-31 13:29:28.105292');
INSERT INTO django_admin_log VALUES(90,'22','Hotels Booking',1,'[{"added": {}}]',13,1,'2023-05-31 13:35:48.729385');
INSERT INTO django_admin_log VALUES(91,'23','Flight Booking',1,'[{"added": {}}]',13,1,'2023-05-31 13:36:28.171248');
INSERT INTO django_admin_log VALUES(92,'24','Mens Store',1,'[{"added": {}}]',13,1,'2023-05-31 13:36:59.520917');
INSERT INTO django_admin_log VALUES(93,'25','Women Store',1,'[{"added": {}}]',13,1,'2023-05-31 13:37:19.467257');
INSERT INTO django_admin_log VALUES(94,'26','Kids & Teens Store',1,'[{"added": {}}]',13,1,'2023-05-31 13:37:53.823825');
INSERT INTO django_admin_log VALUES(95,'27','General Store',1,'[{"added": {}}]',13,1,'2023-05-31 13:39:12.347184');
INSERT INTO django_admin_log VALUES(96,'28','Shoe Store',1,'[{"added": {}}]',13,1,'2023-05-31 13:39:56.995895');
INSERT INTO django_admin_log VALUES(97,'29','Bag Store',1,'[{"added": {}}]',13,1,'2023-05-31 13:40:17.319964');
INSERT INTO django_admin_log VALUES(98,'30','Buy Cement',1,'[{"added": {}}]',13,1,'2023-05-31 13:41:22.341870');
INSERT INTO django_admin_log VALUES(99,'31','Buy Iron & Rods',1,'[{"added": {}}]',13,1,'2023-05-31 13:42:18.712949');
INSERT INTO django_admin_log VALUES(100,'32','Buy Sand',1,'[{"added": {}}]',13,1,'2023-05-31 13:44:37.861192');
INSERT INTO django_admin_log VALUES(101,'33','Buy Floor & Wall Tiles',1,'[{"added": {}}]',13,1,'2023-05-31 13:46:28.125573');
INSERT INTO django_admin_log VALUES(102,'34','Buy Wood & Timber',1,'[{"added": {}}]',13,1,'2023-05-31 13:47:06.861746');
INSERT INTO django_admin_log VALUES(103,'35','Buy Construction Equipment',1,'[{"added": {}}]',13,1,'2023-05-31 13:48:30.293597');
INSERT INTO django_admin_log VALUES(104,'36','Buy Paints',1,'[{"added": {}}]',13,1,'2023-05-31 13:48:47.463201');
INSERT INTO django_admin_log VALUES(105,'37','Buy Aluminum & Zinc',1,'[{"added": {}}]',13,1,'2023-05-31 13:49:32.610330');
INSERT INTO django_admin_log VALUES(106,'38','Buy Furniture',1,'[{"added": {}}]',13,1,'2023-05-31 13:49:56.306385');
INSERT INTO django_admin_log VALUES(107,'39','Civil Company',1,'[{"added": {}}]',13,1,'2023-05-31 13:52:12.018702');
INSERT INTO django_admin_log VALUES(108,'40','Land Surveyor Firm',1,'[{"added": {}}]',13,1,'2023-05-31 13:53:06.324634');
INSERT INTO django_admin_log VALUES(109,'41','Auto Mechanic Company',1,'[{"added": {}}]',13,1,'2023-05-31 13:53:58.706003');
INSERT INTO django_admin_log VALUES(110,'42','Electrical & Wiring Company',1,'[{"added": {}}]',13,1,'2023-05-31 13:54:44.953620');
INSERT INTO django_admin_log VALUES(111,'43','Borehole & Drilling',1,'[{"added": {}}]',13,1,'2023-05-31 13:56:08.041421');
INSERT INTO django_admin_log VALUES(112,'44','Computer & Software Company',1,'[{"added": {}}]',13,1,'2023-05-31 13:57:01.600277');
INSERT INTO django_admin_log VALUES(113,'45','Architecture Company',1,'[{"added": {}}]',13,1,'2023-05-31 13:58:14.225479');
INSERT INTO django_admin_log VALUES(114,'10','Buy House',3,'',13,1,'2023-05-31 13:59:31.118280');
INSERT INTO django_admin_log VALUES(115,'46','Buy Rice',1,'[{"added": {}}]',13,1,'2023-05-31 14:00:46.453400');
INSERT INTO django_admin_log VALUES(116,'47','Buy Beans',1,'[{"added": {}}]',13,1,'2023-05-31 14:01:46.422770');
INSERT INTO django_admin_log VALUES(117,'48','Buy Yam',1,'[{"added": {}}]',13,1,'2023-05-31 14:02:31.547125');
INSERT INTO django_admin_log VALUES(118,'49','Buy Maize',1,'[{"added": {}}]',13,1,'2023-05-31 14:03:20.094144');
INSERT INTO django_admin_log VALUES(119,'50','Buy Tomatoes',1,'[{"added": {}}]',13,1,'2023-05-31 14:03:54.625320');
INSERT INTO django_admin_log VALUES(120,'51','Buy Potatoes',1,'[{"added": {}}]',13,1,'2023-05-31 14:07:22.926236');
INSERT INTO django_admin_log VALUES(121,'52','Buy Cassava',1,'[{"added": {}}]',13,1,'2023-05-31 14:08:06.872211');
INSERT INTO django_admin_log VALUES(122,'53','Buy Cow',1,'[{"added": {}}]',13,1,'2023-05-31 14:08:31.024903');
INSERT INTO django_admin_log VALUES(123,'54','Buy Goat',1,'[{"added": {}}]',13,1,'2023-05-31 14:09:05.324596');
INSERT INTO django_admin_log VALUES(124,'6','Software Technology',2,'[{"changed": {"fields": ["Title", "Slug"]}}]',8,1,'2023-05-31 14:09:56.843785');
INSERT INTO django_admin_log VALUES(125,'55','Website Creation Company',1,'[{"added": {}}]',13,1,'2023-05-31 14:12:04.574612');
INSERT INTO django_admin_log VALUES(126,'56','Online Marketing and Advertising',1,'[{"added": {}}]',13,1,'2023-05-31 14:13:05.646431');
INSERT INTO django_admin_log VALUES(127,'57','Aminmation , VIdeo & Photography',1,'[{"added": {}}]',13,1,'2023-05-31 14:13:51.805776');
INSERT INTO django_admin_log VALUES(128,'58','Blogger',1,'[{"added": {}}]',13,1,'2023-05-31 14:14:37.147511');
INSERT INTO django_admin_log VALUES(129,'59','Video Creators',1,'[{"added": {}}]',13,1,'2023-05-31 14:15:18.939186');
INSERT INTO django_admin_log VALUES(130,'60','Audio & Podcast',1,'[{"added": {}}]',13,1,'2023-05-31 14:16:06.566504');
INSERT INTO django_admin_log VALUES(131,'1','ADMIN-AUTO',2,'[{"changed": {"fields": ["Company image", "Email", "WhatsApp", "Address", "About"]}}]',7,1,'2023-06-02 15:24:41.033368');
INSERT INTO django_admin_log VALUES(132,'1','ADMIN-AUTO',2,'[]',7,1,'2023-06-02 15:39:16.277839');
INSERT INTO django_admin_log VALUES(133,'1','ADMIN-AUTO',2,'[{"changed": {"fields": ["WhatsApp"]}}]',7,1,'2023-06-02 15:48:58.746950');
INSERT INTO django_admin_log VALUES(134,'1','ADMIN-AUTO',2,'[{"changed": {"fields": ["Company image", "Email", "WhatsApp", "Address", "About"]}}]',7,1,'2023-06-02 17:22:11.931394');
INSERT INTO django_admin_log VALUES(135,'11','davido',1,'[{"added": {}}]',7,1,'2023-06-04 01:29:11.776318');
INSERT INTO django_admin_log VALUES(136,'10','ADMIN-AUTO32',2,'[{"changed": {"fields": ["Is vendor"]}}]',7,1,'2023-06-04 01:32:37.341276');
INSERT INTO django_admin_log VALUES(137,'10','ADMIN-AUTO32',2,'[{"changed": {"fields": ["Is vendor"]}}]',7,1,'2023-06-04 01:48:34.459888');
INSERT INTO django_admin_log VALUES(138,'10','ADMIN-AUTO32',2,'[{"changed": {"fields": ["Is vendor"]}}]',7,1,'2023-06-04 02:36:37.112481');
INSERT INTO django_admin_log VALUES(139,'10','ADMIN-AUTO32',2,'[{"changed": {"fields": ["Is vendor"]}}]',7,1,'2023-06-04 03:12:35.473821');
INSERT INTO django_admin_log VALUES(140,'1','ADMIN-AUTO',2,'[{"changed": {"fields": ["WhatsApp", "Is vendor"]}}]',7,1,'2023-06-04 03:13:35.872231');
INSERT INTO django_admin_log VALUES(141,'1','ADMIN-AUTO',2,'[{"changed": {"fields": ["Is vendor"]}}]',7,1,'2023-06-04 03:16:24.475055');
INSERT INTO django_admin_log VALUES(142,'10','ADMIN-AUTO32',2,'[{"changed": {"fields": ["Is vendor"]}}]',7,1,'2023-06-04 03:16:53.561321');
INSERT INTO django_admin_log VALUES(143,'54','Buy Goat',2,'[]',13,1,'2023-06-05 13:49:48.907251');
INSERT INTO django_admin_log VALUES(144,'10','ADMIN-AUTO32',2,'[{"changed": {"fields": ["Is vendor"]}}]',7,1,'2023-06-05 14:33:10.027803');
INSERT INTO django_admin_log VALUES(145,'10','ADMIN-AUTO32',2,'[{"changed": {"fields": ["Is vendor"]}}]',7,1,'2023-06-05 14:37:46.627342');
INSERT INTO django_admin_log VALUES(146,'1','ADMIN-AUTO',2,'[]',7,1,'2023-06-05 16:48:08.398038');
INSERT INTO django_admin_log VALUES(147,'10','ADMIN-AUTO32',2,'[]',7,1,'2023-06-05 16:48:51.932984');
INSERT INTO django_admin_log VALUES(148,'10','ADMIN-AUTO32',2,'[{"changed": {"fields": ["Lga"]}}]',7,1,'2023-06-06 14:33:26.890654');
INSERT INTO django_admin_log VALUES(149,'1','ADMIN-AUTO',2,'[{"changed": {"fields": ["State"]}}]',7,1,'2023-06-06 14:33:35.401768');
INSERT INTO django_admin_log VALUES(150,'10','ADMIN-AUTO32',2,'[{"changed": {"fields": ["State"]}}]',7,1,'2023-06-06 14:35:35.159881');
INSERT INTO django_admin_log VALUES(151,'1','IMO',1,'[{"added": {}}]',14,1,'2023-06-06 14:37:35.543748');
INSERT INTO django_admin_log VALUES(152,'2','DELTA',1,'[{"added": {}}]',14,1,'2023-06-06 14:37:46.174677');
INSERT INTO django_admin_log VALUES(153,'3','ABIA',1,'[{"added": {}}]',14,1,'2023-06-06 14:37:57.535046');
INSERT INTO django_admin_log VALUES(154,'1','ADMIN-AUTO',2,'[{"changed": {"fields": ["State"]}}]',7,1,'2023-06-06 14:38:16.295592');
INSERT INTO django_admin_log VALUES(155,'10','ADMIN-AUTO32',2,'[{"changed": {"fields": ["State", "Lga"]}}]',7,1,'2023-06-06 15:09:19.399174');
INSERT INTO django_admin_log VALUES(156,'4','ENUGU',1,'[{"added": {}}]',14,1,'2023-06-06 15:33:34.221115');
INSERT INTO django_admin_log VALUES(157,'5','EDO',1,'[{"added": {}}]',14,1,'2023-06-06 15:33:48.110416');
INSERT INTO django_admin_log VALUES(158,'6','ANAMBRA',1,'[{"added": {}}]',14,1,'2023-06-06 15:33:57.454185');
INSERT INTO django_admin_log VALUES(159,'7','RIVERS',1,'[{"added": {}}]',14,1,'2023-06-06 15:34:05.180612');
INSERT INTO django_admin_log VALUES(160,'8','CROSS RIVER',1,'[{"added": {}}]',14,1,'2023-06-06 15:35:07.209533');
INSERT INTO django_admin_log VALUES(161,'9','EBONYI',1,'[{"added": {}}]',14,1,'2023-06-06 15:35:25.221982');
INSERT INTO django_admin_log VALUES(162,'10','AKWA IBOM',1,'[{"added": {}}]',14,1,'2023-06-06 15:35:48.651373');
INSERT INTO django_admin_log VALUES(163,'11','BAYELSA',1,'[{"added": {}}]',14,1,'2023-06-06 15:35:57.795935');
INSERT INTO django_admin_log VALUES(164,'1','ADMIN-AUTO',2,'[{"changed": {"fields": ["Website"]}}]',7,1,'2023-06-06 18:22:08.940119');
INSERT INTO django_admin_log VALUES(165,'2','Nonso',2,'[{"changed": {"fields": ["password"]}}]',4,1,'2023-06-08 05:34:43.691590');
INSERT INTO django_admin_log VALUES(166,'4','Nonso',2,'[{"changed": {"fields": ["Is vendor"]}}]',7,1,'2023-06-08 05:37:12.761624');
INSERT INTO django_admin_log VALUES(167,'4','Nonso',2,'[{"changed": {"fields": ["Is vendor"]}}]',7,1,'2023-06-08 17:35:43.169099');
INSERT INTO django_admin_log VALUES(168,'4','Nonso',2,'[{"changed": {"fields": ["Is vendor"]}}]',7,1,'2023-06-08 17:41:17.366482');
INSERT INTO django_admin_log VALUES(169,'4','Nonso',2,'[{"changed": {"fields": ["Is vendor"]}}]',7,1,'2023-06-08 17:41:39.931820');
INSERT INTO django_admin_log VALUES(170,'1','ADMIN-AUTO',2,'[{"changed": {"fields": ["Is vendor"]}}]',7,1,'2023-06-08 17:54:35.007743');
INSERT INTO django_admin_log VALUES(171,'1','ADMIN-AUTO',2,'[{"changed": {"fields": ["Is vendor"]}}]',7,1,'2023-06-08 17:56:37.128189');
INSERT INTO django_admin_log VALUES(172,'4','Nonso',2,'[{"changed": {"fields": ["Is vendor"]}}]',7,1,'2023-06-08 18:15:07.621139');
INSERT INTO django_admin_log VALUES(173,'28','Buy Cement',2,'[{"changed": {"fields": ["Status"]}}]',9,1,'2023-06-08 18:15:57.682070');
INSERT INTO django_admin_log VALUES(174,'28','Buy Cement',2,'[{"changed": {"fields": ["Status"]}}]',9,1,'2023-06-08 18:16:13.175278');
INSERT INTO django_admin_log VALUES(175,'28','Buy Cement',2,'[{"changed": {"fields": ["Status"]}}]',9,1,'2023-06-08 18:16:29.223340');
INSERT INTO django_admin_log VALUES(176,'4','Nonso',2,'[{"changed": {"fields": ["Is vendor"]}}]',7,1,'2023-06-08 18:23:23.813634');
INSERT INTO django_admin_log VALUES(177,'1','ADMIN-AUTO',2,'[{"changed": {"fields": ["Is vendor"]}}]',7,1,'2023-06-09 16:15:05.472857');
INSERT INTO django_admin_log VALUES(178,'1','ADMIN-AUTO',2,'[{"changed": {"fields": ["Is vendor"]}}]',7,1,'2023-06-09 16:16:35.237602');
INSERT INTO django_admin_log VALUES(179,'1','ADMIN-AUTO',2,'[{"changed": {"fields": ["Is vendor"]}}]',7,1,'2023-06-09 16:33:56.443634');
INSERT INTO django_admin_log VALUES(180,'1','ADMIN-AUTO',2,'[{"changed": {"fields": ["Is vendor"]}}]',7,1,'2023-06-09 16:35:10.327728');
INSERT INTO django_admin_log VALUES(181,'4','Nonso',2,'[{"changed": {"fields": ["Is vendor"]}}]',7,1,'2023-06-09 16:44:30.452427');
INSERT INTO django_admin_log VALUES(182,'4','Nonso',2,'[{"changed": {"fields": ["Is vendor"]}}]',7,1,'2023-06-09 16:45:58.845341');
INSERT INTO django_admin_log VALUES(183,'1','ADMIN-AUTO',2,'[{"changed": {"fields": ["Is vendor"]}}]',7,1,'2023-06-09 17:03:44.316544');
INSERT INTO django_admin_log VALUES(184,'4','Nonso',2,'[{"changed": {"fields": ["Is vendor"]}}]',7,1,'2023-06-09 17:04:21.402329');
INSERT INTO django_admin_log VALUES(185,'4','Nonso',2,'[{"changed": {"fields": ["Is vendor"]}}]',7,1,'2023-06-09 17:06:28.201481');
INSERT INTO django_admin_log VALUES(186,'1','ADMIN-AUTO',2,'[{"changed": {"fields": ["Is vendor"]}}]',7,1,'2023-06-09 17:11:34.544305');
INSERT INTO django_admin_log VALUES(187,'4','Nonso',2,'[{"changed": {"fields": ["Is vendor"]}}]',7,1,'2023-06-09 17:13:15.178952');
INSERT INTO django_admin_log VALUES(188,'4','Nonso',2,'[{"changed": {"fields": ["Is vendor"]}}]',7,1,'2023-06-09 17:14:31.318731');
INSERT INTO django_admin_log VALUES(189,'1','ADMIN-AUTO',2,'[{"changed": {"fields": ["Is vendor"]}}]',7,1,'2023-06-11 17:13:44.104007');
INSERT INTO django_admin_log VALUES(190,'1','ADMIN-AUTO',2,'[{"changed": {"fields": ["Is vendor"]}}]',7,1,'2023-06-11 17:14:01.620793');
INSERT INTO django_admin_log VALUES(191,'1','ADMIN-AUTO',2,'[{"changed": {"fields": ["Is vendor"]}}]',7,1,'2023-06-11 17:37:39.779334');
INSERT INTO django_admin_log VALUES(192,'1','ADMIN-AUTO',2,'[{"changed": {"fields": ["Is vendor"]}}]',7,1,'2023-06-11 17:46:53.074111');
INSERT INTO django_admin_log VALUES(193,'4','Nonso',2,'[{"changed": {"fields": ["Is vendor"]}}]',7,1,'2023-06-12 09:16:22.327407');
INSERT INTO django_admin_log VALUES(194,'1','ADMIN-AUTO',2,'[{"changed": {"fields": ["Is vendor"]}}]',7,1,'2023-06-12 09:17:07.925735');
INSERT INTO django_admin_log VALUES(195,'11','AUTO32',2,'[{"changed": {"fields": ["Username"]}}]',4,1,'2023-06-12 09:18:52.372665');
INSERT INTO django_admin_log VALUES(196,'1','ADMIN-AUTO',2,'[{"changed": {"fields": ["Is vendor"]}}]',7,1,'2023-06-12 09:19:28.963620');
INSERT INTO django_admin_log VALUES(197,'1','ADMIN-AUTO',2,'[{"changed": {"fields": ["Is vendor"]}}]',7,1,'2023-06-12 09:32:04.484665');
INSERT INTO django_admin_log VALUES(198,'1','ADMIN-AUTO',2,'[{"changed": {"fields": ["Is vendor"]}}]',7,1,'2023-06-12 20:13:26.673889');
INSERT INTO django_admin_log VALUES(199,'1','ADMIN-AUTO',2,'[{"changed": {"fields": ["Is vendor"]}}]',7,1,'2023-06-13 12:51:57.787800');
INSERT INTO django_admin_log VALUES(200,'1','ADMIN-AUTO',2,'[{"changed": {"fields": ["Is vendor"]}}]',7,1,'2023-06-13 12:52:07.956214');
INSERT INTO django_admin_log VALUES(201,'1','ADMIN-AUTO',2,'[{"changed": {"fields": ["Last vendor set date"]}}]',7,1,'2023-06-13 12:52:28.829131');
INSERT INTO django_admin_log VALUES(202,'1','ADMIN-AUTO',2,'[]',7,1,'2023-06-13 12:52:43.278652');
INSERT INTO django_admin_log VALUES(203,'1','ADMIN-AUTO',2,'[{"changed": {"fields": ["Last vendor set date"]}}]',7,1,'2023-06-13 12:59:29.459022');
INSERT INTO django_admin_log VALUES(204,'1','ADMIN-AUTO',2,'[{"changed": {"fields": ["Is vendor", "Last vendor set date"]}}]',7,1,'2023-06-13 13:00:07.728040');
INSERT INTO django_admin_log VALUES(205,'1','ADMIN-AUTO',2,'[{"changed": {"fields": ["Is vendor", "Last vendor set date"]}}]',7,1,'2023-06-13 13:00:39.764303');
INSERT INTO django_admin_log VALUES(206,'1','ADMIN-AUTO',2,'[{"changed": {"fields": ["Last vendor set date"]}}]',7,1,'2023-06-13 13:05:06.956789');
INSERT INTO django_admin_log VALUES(207,'1','ADMIN-AUTO',2,'[{"changed": {"fields": ["Last vendor set date"]}}]',7,1,'2023-06-13 13:11:17.175289');
INSERT INTO django_admin_log VALUES(208,'1','ADMIN-AUTO',2,'[{"changed": {"fields": ["Is vendor"]}}]',7,1,'2023-06-13 13:18:47.042264');
INSERT INTO django_admin_log VALUES(209,'1','ADMIN-AUTO',2,'[{"changed": {"fields": ["Is vendor", "Last vendor set date"]}}]',7,1,'2023-06-13 13:18:56.720497');
INSERT INTO django_admin_log VALUES(210,'1','ADMIN-AUTO',2,'[{"changed": {"fields": ["Last vendor set date"]}}]',7,1,'2023-06-13 13:21:25.004655');
INSERT INTO django_admin_log VALUES(211,'1','ADMIN-AUTO',2,'[{"changed": {"fields": ["Last vendor set date"]}}]',7,1,'2023-06-13 13:21:39.955360');
INSERT INTO django_admin_log VALUES(212,'1','ADMIN-AUTO',2,'[{"changed": {"fields": ["Is vendor"]}}]',7,1,'2023-06-13 13:21:47.908742');
INSERT INTO django_admin_log VALUES(213,'1','ADMIN-AUTO',2,'[{"changed": {"fields": ["Is vendor", "Last vendor set date"]}}]',7,1,'2023-06-13 13:21:59.409890');
INSERT INTO django_admin_log VALUES(214,'1','ADMIN-AUTO',2,'[{"changed": {"fields": ["Last vendor set date"]}}]',7,1,'2023-06-13 13:24:45.630223');
INSERT INTO django_admin_log VALUES(215,'1','ADMIN-AUTO',2,'[{"changed": {"fields": ["Last vendor set date"]}}]',7,1,'2023-06-13 13:24:55.512187');
INSERT INTO django_admin_log VALUES(216,'1','ADMIN-AUTO',2,'[{"changed": {"fields": ["Is vendor"]}}]',7,1,'2023-06-13 13:27:02.350421');
INSERT INTO django_admin_log VALUES(217,'1','ADMIN-AUTO',2,'[{"changed": {"fields": ["Is vendor", "Last vendor set date"]}}]',7,1,'2023-06-13 13:27:26.634372');
INSERT INTO django_admin_log VALUES(218,'1','ADMIN-AUTO',2,'[{"changed": {"fields": ["Last vendor set date"]}}]',7,1,'2023-06-13 13:33:06.482795');
INSERT INTO django_admin_log VALUES(219,'1','ADMIN-AUTO',2,'[]',7,1,'2023-06-13 13:36:45.407824');
INSERT INTO django_admin_log VALUES(220,'1','ADMIN-AUTO',2,'[{"changed": {"fields": ["Is vendor"]}}]',7,1,'2023-06-13 14:06:34.946167');
INSERT INTO django_admin_log VALUES(221,'1','ADMIN-AUTO',2,'[{"changed": {"fields": ["Last vendor set date"]}}]',7,1,'2023-06-13 14:06:48.253640');
INSERT INTO django_admin_log VALUES(222,'1','ADMIN-AUTO',2,'[{"changed": {"fields": ["Is vendor"]}}]',7,1,'2023-06-13 14:06:55.332405');
INSERT INTO django_admin_log VALUES(223,'1','ADMIN-AUTO',2,'[{"changed": {"fields": ["Is vendor"]}}]',7,1,'2023-06-13 14:09:02.485280');
INSERT INTO django_admin_log VALUES(224,'1','ADMIN-AUTO',2,'[{"changed": {"fields": ["Is vendor"]}}]',7,1,'2023-06-13 14:09:18.032687');
INSERT INTO django_admin_log VALUES(225,'1','ADMIN-AUTO',2,'[{"changed": {"fields": ["Is vendor", "Last vendor set date"]}}]',7,1,'2023-06-13 14:09:31.937043');
INSERT INTO django_admin_log VALUES(226,'1','ADMIN-AUTO',2,'[]',7,1,'2023-06-13 15:18:10.801363');
INSERT INTO django_admin_log VALUES(227,'1','ADMIN-AUTO',2,'[{"changed": {"fields": ["Is vendor"]}}]',7,1,'2023-06-13 15:51:19.975502');
INSERT INTO django_admin_log VALUES(228,'1','ADMIN-AUTO',2,'[{"changed": {"fields": ["Is vendor", "Last vendor set date"]}}]',7,1,'2023-06-13 15:51:28.272189');
INSERT INTO django_admin_log VALUES(229,'1','ADMIN-AUTO',2,'[{"changed": {"fields": ["Last vendor set date"]}}]',7,1,'2023-06-13 17:37:44.667583');
INSERT INTO django_admin_log VALUES(230,'1','ADMIN-AUTO',2,'[{"changed": {"fields": ["Is vendor", "Last vendor set date"]}}]',7,1,'2023-06-13 17:37:57.752048');
INSERT INTO django_admin_log VALUES(231,'1','ADMIN-AUTO',2,'[{"changed": {"fields": ["Last vendor set date"]}}]',7,1,'2023-06-13 17:38:17.395279');
INSERT INTO django_admin_log VALUES(232,'1','ADMIN-AUTO',2,'[{"changed": {"fields": ["Last vendor set date"]}}]',7,1,'2023-06-13 17:38:28.559180');
INSERT INTO django_admin_log VALUES(233,'1','ADMIN-AUTO',2,'[{"changed": {"fields": ["Last vendor set date"]}}]',7,1,'2023-06-13 17:38:37.049639');
INSERT INTO django_admin_log VALUES(234,'1','ADMIN-AUTO',2,'[{"changed": {"fields": ["Last vendor set date"]}}]',7,1,'2023-06-13 17:39:12.121681');
INSERT INTO django_admin_log VALUES(235,'1','ADMIN-AUTO',2,'[{"changed": {"fields": ["Last vendor set date"]}}]',7,1,'2023-06-13 17:39:23.291768');
INSERT INTO django_admin_log VALUES(236,'1','ADMIN-AUTO',2,'[{"changed": {"fields": ["Last vendor set date"]}}]',7,1,'2023-06-13 17:39:32.432260');
INSERT INTO django_admin_log VALUES(237,'1','ADMIN-AUTO',2,'[{"changed": {"fields": ["Last vendor set date"]}}]',7,1,'2023-06-13 17:39:44.050312');
INSERT INTO django_admin_log VALUES(238,'1','ADMIN-AUTO',2,'[{"changed": {"fields": ["Is vendor"]}}]',7,1,'2023-06-13 17:39:50.420876');
INSERT INTO django_admin_log VALUES(239,'1','ADMIN-AUTO',2,'[{"changed": {"fields": ["Is vendor", "Last vendor set date"]}}]',7,1,'2023-06-13 17:40:04.926341');
INSERT INTO django_admin_log VALUES(240,'1','ADMIN-AUTO',2,'[{"changed": {"fields": ["Last vendor set date"]}}]',7,1,'2023-06-13 17:40:17.578179');
INSERT INTO django_admin_log VALUES(241,'1','ADMIN-AUTO',2,'[{"changed": {"fields": ["Is vendor"]}}]',7,1,'2023-06-13 17:40:22.455147');
INSERT INTO django_admin_log VALUES(242,'1','ADMIN-AUTO',2,'[{"changed": {"fields": ["Is vendor", "Last vendor set date"]}}]',7,1,'2023-06-13 17:59:37.932571');
INSERT INTO django_admin_log VALUES(243,'1','ADMIN-AUTO',2,'[{"changed": {"fields": ["Vendor activation date"]}}]',7,1,'2023-06-13 18:21:44.658409');
INSERT INTO django_admin_log VALUES(244,'1','ADMIN-AUTO',2,'[]',7,1,'2023-08-13 18:22:45.587111');
INSERT INTO django_admin_log VALUES(245,'1','Userprofile object (1)',2,'[{"changed": {"fields": ["Is vendor", "Vendor activation date"]}}]',7,1,'2023-06-13 18:34:25.376394');
INSERT INTO django_admin_log VALUES(246,'1','Userprofile object (1)',2,'[{"changed": {"fields": ["Vendor activation date"]}}]',7,1,'2023-08-13 18:36:29.373713');
INSERT INTO django_admin_log VALUES(247,'1','Userprofile object (1)',2,'[]',7,1,'2023-08-13 18:36:35.365031');
INSERT INTO django_admin_log VALUES(248,'1','Userprofile object (1)',2,'[{"changed": {"fields": ["Vendor activation date"]}}]',7,1,'2023-08-13 18:36:46.553240');
INSERT INTO django_admin_log VALUES(249,'1','Userprofile object (1)',2,'[{"changed": {"fields": ["Vendor activation date"]}}]',7,1,'2023-08-13 18:37:09.005960');
INSERT INTO django_admin_log VALUES(250,'1','Userprofile object (1)',2,'[{"changed": {"fields": ["Vendor activation date"]}}]',7,1,'2023-08-13 18:37:30.526808');
INSERT INTO django_admin_log VALUES(251,'1','Userprofile object (1)',2,'[{"changed": {"fields": ["Vendor activation date"]}}]',7,1,'2023-08-13 18:37:47.093235');
INSERT INTO django_admin_log VALUES(252,'1','Userprofile object (1)',2,'[{"changed": {"fields": ["Vendor activation date"]}}]',7,1,'2023-08-13 18:38:04.008449');
INSERT INTO django_admin_log VALUES(253,'1','ADMIN-AUTO',2,'[{"changed": {"fields": ["Vendor activation date"]}}]',7,1,'2023-08-13 18:40:26.045056');
INSERT INTO django_admin_log VALUES(254,'1','ADMIN-AUTO',2,'[]',7,1,'2023-06-13 18:41:39.148896');
INSERT INTO django_admin_log VALUES(255,'1','ADMIN-AUTO',2,'[{"changed": {"fields": ["Vendor activation date"]}}]',7,1,'2023-06-13 18:41:53.056738');
INSERT INTO django_admin_log VALUES(256,'1','ADMIN-AUTO',2,'[]',7,1,'2023-07-13 18:42:24.203758');
INSERT INTO django_admin_log VALUES(257,'1','ADMIN-AUTO',2,'[]',7,1,'2023-07-14 18:42:46.588901');
INSERT INTO django_admin_log VALUES(258,'1','ADMIN-AUTO',2,'[{"changed": {"fields": ["Vendor activation date"]}}]',7,1,'2023-07-14 18:47:29.318133');
INSERT INTO django_admin_log VALUES(259,'1','ADMIN-AUTO',2,'[]',7,1,'2023-07-14 18:48:48.939471');
INSERT INTO django_admin_log VALUES(260,'1','ADMIN-AUTO',2,'[]',7,1,'2023-08-14 18:49:43.020107');
INSERT INTO django_admin_log VALUES(261,'1','ADMIN-AUTO',2,'[{"changed": {"fields": ["Vendor activation date"]}}]',7,1,'2023-06-13 18:55:37.927497');
INSERT INTO django_admin_log VALUES(262,'1','ADMIN-AUTO',2,'[]',7,1,'2023-06-13 19:58:14.307387');
INSERT INTO django_admin_log VALUES(263,'1','ADMIN-AUTO',2,'[]',7,1,'2023-06-13 19:58:36.979956');
INSERT INTO django_admin_log VALUES(264,'1','ADMIN-AUTO',2,'[{"changed": {"fields": ["Is vendor"]}}]',7,1,'2023-06-13 20:00:09.739474');
INSERT INTO django_admin_log VALUES(265,'1','ADMIN-AUTO',2,'[{"changed": {"fields": ["Is vendor"]}}]',7,1,'2023-06-13 20:00:17.270122');
INSERT INTO django_admin_log VALUES(266,'1','ADMIN-AUTO',2,'[]',7,1,'2023-06-13 20:11:49.201853');
INSERT INTO django_admin_log VALUES(267,'6','4rere',3,'',4,1,'2023-06-15 17:16:59.158711');
INSERT INTO django_admin_log VALUES(268,'5','ADMIN',3,'',4,1,'2023-06-15 17:16:59.294581');
INSERT INTO django_admin_log VALUES(269,'9','davido',3,'',4,1,'2023-06-15 17:16:59.417415');
INSERT INTO django_admin_log VALUES(270,'10','wretyduf',3,'',4,1,'2023-06-15 17:16:59.539974');
INSERT INTO django_admin_log VALUES(271,'7','ewerrg',3,'',4,1,'2023-06-15 17:17:11.641370');
INSERT INTO django_admin_log VALUES(272,'14','ADMIN-A',3,'',4,1,'2023-06-15 17:45:01.988846');
INSERT INTO django_admin_log VALUES(273,'16','ADMIN-AUTO00',3,'',4,1,'2023-06-15 17:45:02.098115');
INSERT INTO django_admin_log VALUES(274,'13','Nonso00',3,'',4,1,'2023-06-15 17:45:02.234085');
INSERT INTO django_admin_log VALUES(275,'15','Nonso0000',3,'',4,1,'2023-06-15 17:45:02.377648');
INSERT INTO django_admin_log VALUES(276,'19','ADMIN-AUTOewfj',3,'',4,1,'2023-06-15 17:59:28.423806');
INSERT INTO django_admin_log VALUES(277,'18','ADMIN-AUTOewfji',3,'',4,1,'2023-06-15 17:59:28.641382');
INSERT INTO django_admin_log VALUES(278,'20','ADMIN-AUTOewfjun',3,'',4,1,'2023-06-15 17:59:28.776521');
INSERT INTO django_admin_log VALUES(279,'17','ADMIN-AUTOpp',3,'',4,1,'2023-06-15 17:59:28.920390');
INSERT INTO django_admin_log VALUES(280,'1','ADMIN-AUTO',2,'[]',7,1,'2023-06-15 20:25:36.400164');
INSERT INTO django_admin_log VALUES(281,'2','Nonso',2,'[{"changed": {"fields": ["Email address"]}}]',4,1,'2023-06-16 12:31:32.649241');
INSERT INTO django_admin_log VALUES(282,'1','ADMIN-AUTO',2,'[{"changed": {"fields": ["Email address"]}}]',4,1,'2023-06-16 12:33:00.595857');
INSERT INTO django_admin_log VALUES(283,'12','ADMIN-AUT',2,'[{"changed": {"fields": ["Is vendor"]}}]',7,1,'2023-06-16 13:45:51.117587');
INSERT INTO django_admin_log VALUES(284,'12','ADMIN-AUT',2,'[{"changed": {"fields": ["Is vendor"]}}]',7,1,'2023-06-16 13:47:38.016541');
INSERT INTO django_admin_log VALUES(285,'12','ADMIN-AUT',2,'[{"changed": {"fields": ["Is vendor"]}}]',7,1,'2023-06-16 13:47:59.172681');
INSERT INTO django_admin_log VALUES(286,'1','ADMIN-AUTO',2,'[{"changed": {"fields": ["Is vendor"]}}]',7,1,'2023-06-19 05:15:08.533943');
INSERT INTO django_admin_log VALUES(287,'1','ADMIN-AUTO',2,'[{"changed": {"fields": ["Is vendor"]}}]',7,1,'2023-06-19 05:15:25.416736');
INSERT INTO django_admin_log VALUES(288,'1','ADMIN-AUTO',2,'[{"changed": {"fields": ["Is vendor"]}}]',7,1,'2023-06-19 05:18:21.681994');
INSERT INTO django_admin_log VALUES(289,'1','ADMIN-AUTO',2,'[{"changed": {"fields": ["Is vendor"]}}]',7,1,'2023-06-19 05:20:49.879069');
INSERT INTO django_admin_log VALUES(290,'4','nonsoosadebe202@gmail.com',3,'',4,1,'2023-06-19 07:42:46.287241');
INSERT INTO django_admin_log VALUES(291,'1','ADMIN-AUTO',2,'[{"changed": {"fields": ["Email address"]}}]',4,1,'2023-06-19 07:43:09.138386');
INSERT INTO django_admin_log VALUES(292,'1','ADMIN-AUTO',2,'[{"changed": {"fields": ["Email address"]}}]',4,1,'2023-06-19 07:47:00.024899');
INSERT INTO django_admin_log VALUES(293,'1','ADMIN-AUTO',2,'[{"changed": {"fields": ["Is vendor"]}}]',7,1,'2023-06-24 07:14:42.401933');
INSERT INTO django_admin_log VALUES(294,'1','ADMIN-AUTO',2,'[{"changed": {"fields": ["Is vendor"]}}]',7,1,'2023-06-24 08:33:16.359793');
INSERT INTO django_admin_log VALUES(295,'1','ADMIN-AUTO',2,'[{"changed": {"fields": ["Is vendor"]}}]',7,1,'2023-06-24 08:34:30.492318');
INSERT INTO django_admin_log VALUES(296,'1','ADMIN-AUTO',2,'[{"changed": {"fields": ["Is vendor"]}}]',7,1,'2023-06-24 08:39:47.204977');
INSERT INTO django_admin_log VALUES(297,'4','Nonso',2,'[{"changed": {"fields": ["Is vendor"]}}]',7,1,'2023-06-24 08:43:59.509172');
INSERT INTO django_admin_log VALUES(298,'4','Nonso',2,'[{"changed": {"fields": ["Is vendor"]}}]',7,1,'2023-06-24 08:46:14.510566');
INSERT INTO django_admin_log VALUES(299,'4','Nonso',2,'[{"changed": {"fields": ["Is vendor"]}}]',7,1,'2023-06-24 08:48:16.423303');
INSERT INTO django_admin_log VALUES(300,'4','Nonso',2,'[{"changed": {"fields": ["Is vendor"]}}]',7,1,'2023-06-24 09:32:01.305475');
INSERT INTO django_admin_log VALUES(301,'4','Nonso',2,'[{"changed": {"fields": ["Is vendor"]}}]',7,1,'2023-06-24 09:50:37.912029');
INSERT INTO django_admin_log VALUES(302,'4','Nonso',2,'[{"changed": {"fields": ["Is vendor"]}}]',7,1,'2023-06-24 09:51:07.179184');
INSERT INTO django_admin_log VALUES(303,'4','Nonso',2,'[{"changed": {"fields": ["Is vendor"]}}]',7,1,'2023-06-24 10:10:05.775807');
INSERT INTO django_admin_log VALUES(304,'1','ADMIN-AUTO',2,'[{"changed": {"fields": ["Is vendor"]}}]',7,1,'2023-06-24 13:11:15.359835');
INSERT INTO django_admin_log VALUES(305,'1','ADMIN-AUTO',2,'[{"changed": {"fields": ["Is vendor"]}}]',7,1,'2023-06-24 14:02:58.955876');
INSERT INTO django_admin_log VALUES(306,'1','ADMIN-AUTO',2,'[{"changed": {"fields": ["Is vendor"]}}]',7,1,'2023-06-24 14:04:53.681397');
INSERT INTO django_admin_log VALUES(307,'1','ADMIN-AUTO',2,'[{"changed": {"fields": ["Is vendor"]}}]',7,1,'2023-06-24 14:08:24.627009');
INSERT INTO django_admin_log VALUES(308,'1','ADMIN-AUTO',2,'[{"changed": {"fields": ["Is vendor"]}}]',7,1,'2023-06-24 14:22:22.627384');
INSERT INTO django_admin_log VALUES(309,'1','ADMIN-AUTO',2,'[{"changed": {"fields": ["Is vendor"]}}]',7,1,'2023-06-24 14:26:04.278626');
INSERT INTO django_admin_log VALUES(310,'1','ADMIN-AUTO',2,'[{"changed": {"fields": ["Is vendor"]}}]',7,1,'2023-06-24 14:27:34.763790');
INSERT INTO django_admin_log VALUES(311,'1','ADMIN-AUTO',2,'[{"changed": {"fields": ["Is vendor"]}}]',7,1,'2023-06-24 14:30:39.041212');
INSERT INTO django_admin_log VALUES(312,'1','ADMIN-AUTO',2,'[{"changed": {"fields": ["Is vendor"]}}]',7,1,'2023-06-24 14:51:01.252351');
INSERT INTO django_admin_log VALUES(313,'1','ADMIN-AUTO',2,'[{"changed": {"fields": ["Is vendor"]}}]',7,1,'2023-06-24 14:51:50.572834');
INSERT INTO django_admin_log VALUES(314,'1','ADMIN-AUTO',2,'[{"changed": {"fields": ["Is vendor"]}}]',7,1,'2023-06-24 15:02:25.616301');
INSERT INTO django_admin_log VALUES(315,'1','ADMIN-AUTO',2,'[{"changed": {"fields": ["Is vendor"]}}]',7,1,'2023-06-24 16:13:52.926767');
INSERT INTO django_admin_log VALUES(316,'1','ADMIN-AUTO',2,'[{"changed": {"fields": ["Is vendor"]}}]',7,1,'2023-06-24 16:15:44.790518');
INSERT INTO django_admin_log VALUES(317,'1','ADMIN-AUTO',2,'[{"changed": {"fields": ["Is vendor"]}}]',7,1,'2023-06-24 16:21:34.708112');
INSERT INTO django_admin_log VALUES(318,'4','Nonso',2,'[{"changed": {"fields": ["Is vendor"]}}]',7,1,'2023-06-24 22:30:33.576114');
INSERT INTO django_admin_log VALUES(319,'4','Nonso',2,'[{"changed": {"fields": ["Is vendor"]}}]',7,1,'2023-06-24 22:47:04.601210');
INSERT INTO django_admin_log VALUES(320,'1','ADMIN-AUTO',2,'[{"changed": {"fields": ["Is vendor"]}}]',7,1,'2023-06-24 22:49:31.086215');
INSERT INTO django_admin_log VALUES(321,'1','ADMIN-AUTO',2,'[{"changed": {"fields": ["Is vendor"]}}]',7,1,'2023-06-24 22:58:52.590744');
INSERT INTO django_admin_log VALUES(322,'1','ADMIN-AUTO',2,'[{"changed": {"fields": ["Is vendor"]}}]',7,1,'2023-06-24 23:42:16.912196');
INSERT INTO django_admin_log VALUES(323,'1','ADMIN-AUTO',2,'[{"changed": {"fields": ["Is vendor"]}}]',7,1,'2023-06-24 23:56:44.777836');
INSERT INTO django_admin_log VALUES(324,'1','ADMIN-AUTO',2,'[{"changed": {"fields": ["Is vendor"]}}]',7,1,'2023-06-25 00:06:34.530108');
INSERT INTO django_admin_log VALUES(325,'4','Nonso',2,'[{"changed": {"fields": ["Is vendor"]}}]',7,1,'2023-06-25 00:07:33.843627');
INSERT INTO django_admin_log VALUES(326,'1','ADMIN-AUTO',2,'[{"changed": {"fields": ["Is vendor"]}}]',7,1,'2023-06-25 00:17:02.690418');
INSERT INTO django_admin_log VALUES(327,'4','Nonso',2,'[{"changed": {"fields": ["Is vendor"]}}]',7,1,'2023-06-25 00:36:16.176553');
INSERT INTO django_admin_log VALUES(328,'4','Nonso',2,'[{"changed": {"fields": ["Is vendor"]}}]',7,1,'2023-06-25 00:41:12.501779');
INSERT INTO django_admin_log VALUES(329,'1','ADMIN-AUTO',2,'[{"changed": {"fields": ["Is vendor"]}}]',7,1,'2023-06-25 00:41:17.736353');
INSERT INTO django_admin_log VALUES(330,'1','ADMIN-AUTO',2,'[{"changed": {"fields": ["Is vendor"]}}]',7,1,'2023-06-25 00:46:49.320387');
INSERT INTO django_admin_log VALUES(331,'1','ADMIN-AUTO',2,'[{"changed": {"fields": ["Is vendor"]}}]',7,1,'2023-06-25 01:10:23.062055');
INSERT INTO django_admin_log VALUES(332,'4','Nonso',2,'[{"changed": {"fields": ["Is vendor"]}}]',7,1,'2023-06-25 01:10:28.289179');
INSERT INTO django_admin_log VALUES(333,'1','ADMIN-AUTO',2,'[{"changed": {"fields": ["Is vendor"]}}]',7,1,'2023-06-25 01:25:21.979987');
INSERT INTO django_admin_log VALUES(334,'1','ADMIN-AUTO',2,'[{"changed": {"fields": ["Is vendor"]}}]',7,1,'2023-06-25 01:33:08.802858');
INSERT INTO django_admin_log VALUES(335,'1','ADMIN-AUTO',2,'[{"changed": {"fields": ["Is vendor"]}}]',7,1,'2023-06-25 17:56:37.427009');
INSERT INTO django_admin_log VALUES(336,'1','ADMIN-AUTO',2,'[{"changed": {"fields": ["Is vendor"]}}]',7,1,'2023-06-25 18:03:09.181302');
INSERT INTO django_admin_log VALUES(337,'1','ADMIN-AUTO',2,'[{"changed": {"fields": ["Is vendor"]}}]',7,1,'2023-06-25 18:11:36.090921');
INSERT INTO django_admin_log VALUES(338,'1','ADMIN-AUTO',2,'[{"changed": {"fields": ["Is vendor"]}}]',7,1,'2023-06-25 18:45:37.889750');
INSERT INTO django_admin_log VALUES(339,'1','ADMIN-AUTO',2,'[{"changed": {"fields": ["Is vendor"]}}]',7,1,'2023-06-25 18:54:16.279745');
INSERT INTO django_admin_log VALUES(340,'1','ADMIN-AUTO',2,'[{"changed": {"fields": ["Is vendor"]}}]',7,1,'2023-06-27 00:43:27.091559');
INSERT INTO django_admin_log VALUES(341,'1','ADMIN-AUTO',2,'[{"changed": {"fields": ["Is vendor"]}}]',7,1,'2023-06-27 02:17:50.042322');
INSERT INTO django_admin_log VALUES(342,'1','ADMIN-AUTO',2,'[{"changed": {"fields": ["Is vendor"]}}]',7,1,'2023-06-27 02:37:00.155645');
INSERT INTO django_admin_log VALUES(343,'1','ADMIN-AUTO',2,'[{"changed": {"fields": ["Is vendor"]}}]',7,1,'2023-06-27 02:51:39.685920');
INSERT INTO django_admin_log VALUES(344,'1','ADMIN-AUTO',2,'[{"changed": {"fields": ["Is vendor"]}}]',7,1,'2023-06-27 02:53:42.976654');
INSERT INTO django_admin_log VALUES(345,'1','ADMIN-AUTO',2,'[{"changed": {"fields": ["Is vendor"]}}]',7,1,'2023-06-27 02:57:50.760506');
INSERT INTO django_admin_log VALUES(346,'1','ADMIN-AUTO',2,'[{"changed": {"fields": ["Is vendor"]}}]',7,1,'2023-06-27 07:15:21.499672');
INSERT INTO django_admin_log VALUES(347,'1','ADMIN-AUTO',2,'[{"changed": {"fields": ["Is vendor"]}}]',7,1,'2023-06-27 07:29:36.290218');
INSERT INTO django_admin_log VALUES(348,'1','ADMIN-AUTO',2,'[{"changed": {"fields": ["Is vendor"]}}]',7,1,'2023-06-27 07:33:25.981396');
INSERT INTO django_admin_log VALUES(349,'1','ADMIN-AUTO',2,'[{"changed": {"fields": ["Is vendor"]}}]',7,1,'2023-06-27 09:34:11.764177');
INSERT INTO django_admin_log VALUES(350,'1','ADMIN-AUTO',2,'[{"changed": {"fields": ["Is vendor"]}}]',7,1,'2023-06-27 09:54:06.103696');
INSERT INTO django_admin_log VALUES(351,'1','ADMIN-AUTO',2,'[{"changed": {"fields": ["Is vendor"]}}]',7,1,'2023-06-27 09:59:19.671601');
INSERT INTO django_admin_log VALUES(352,'1','ADMIN-AUTO',2,'[{"changed": {"fields": ["Is vendor"]}}]',7,1,'2023-06-27 09:59:32.015798');
INSERT INTO django_admin_log VALUES(353,'1','ADMIN-AUTO',2,'[{"changed": {"fields": ["Is vendor"]}}]',7,1,'2023-06-27 09:59:41.502585');
INSERT INTO django_admin_log VALUES(354,'1','ADMIN-AUTO',2,'[{"changed": {"fields": ["Is vendor"]}}]',7,1,'2023-06-27 10:24:19.255138');
INSERT INTO django_admin_log VALUES(355,'1','ADMIN-AUTO',2,'[{"changed": {"fields": ["Vendor expiry time"]}}]',7,1,'2023-06-27 10:30:38.726089');
INSERT INTO django_admin_log VALUES(356,'1','ADMIN-AUTO',2,'[{"changed": {"fields": ["Vendor expiry time"]}}]',7,1,'2023-06-27 10:30:56.903901');
INSERT INTO django_admin_log VALUES(357,'1','ADMIN-AUTO',2,'[{"changed": {"fields": ["Vendor expiry time"]}}]',7,1,'2023-06-27 10:31:05.472028');
INSERT INTO django_admin_log VALUES(358,'1','ADMIN-AUTO',2,'[{"changed": {"fields": ["Is vendor"]}}]',7,1,'2023-06-27 11:23:02.974650');
INSERT INTO django_admin_log VALUES(359,'1','ADMIN-AUTO',2,'[{"changed": {"fields": ["Is vendor"]}}]',7,1,'2023-06-27 16:30:21.985649');
INSERT INTO django_admin_log VALUES(360,'4','Nonso',2,'[{"changed": {"fields": ["Is vendor"]}}]',7,1,'2023-06-27 16:30:28.565038');
INSERT INTO django_admin_log VALUES(361,'4','Nonso',2,'[{"changed": {"fields": ["Is vendor"]}}]',7,1,'2023-06-27 17:05:20.822304');
INSERT INTO django_admin_log VALUES(362,'1','ADMIN-AUTO',2,'[{"changed": {"fields": ["Is vendor"]}}]',7,1,'2023-06-28 06:08:24.019165');
INSERT INTO django_admin_log VALUES(363,'1','ADMIN-AUTO',2,'[{"changed": {"fields": ["Is vendor"]}}]',7,1,'2023-06-28 07:21:21.764529');
INSERT INTO django_admin_log VALUES(364,'1','ADMIN-AUTO',2,'[{"changed": {"fields": ["Is vendor"]}}]',7,1,'2023-06-28 07:45:03.963434');
INSERT INTO django_admin_log VALUES(365,'1','ADMIN-AUTO',2,'[{"changed": {"fields": ["Is vendor"]}}]',7,1,'2023-06-28 08:01:01.506050');
INSERT INTO django_admin_log VALUES(366,'1','ADMIN-AUTO',2,'[]',7,1,'2023-06-28 08:04:41.394921');
INSERT INTO django_admin_log VALUES(367,'1','ADMIN-AUTO',2,'[{"changed": {"fields": ["Is vendor"]}}]',7,1,'2023-06-28 08:04:49.346780');
INSERT INTO django_admin_log VALUES(368,'1','ADMIN-AUTO',2,'[{"changed": {"fields": ["Is vendor"]}}]',7,1,'2023-06-28 09:07:07.434641');
INSERT INTO django_admin_log VALUES(369,'1','ADMIN-AUTO',2,'[{"changed": {"fields": ["Is vendor"]}}]',7,1,'2023-06-28 09:17:59.893720');
INSERT INTO django_admin_log VALUES(370,'1','ADMIN-AUTO',2,'[{"changed": {"fields": ["Is vendor"]}}]',7,1,'2023-06-28 09:20:46.761555');
INSERT INTO django_admin_log VALUES(371,'1','ADMIN-AUTO',2,'[{"changed": {"fields": ["Is vendor"]}}]',7,1,'2023-06-28 09:29:32.312479');
INSERT INTO django_admin_log VALUES(372,'4','Nonso',2,'[{"changed": {"fields": ["Is vendor"]}}]',7,1,'2023-06-28 09:37:06.797813');
INSERT INTO django_admin_log VALUES(373,'1','ADMIN-AUTO',2,'[{"changed": {"fields": ["Is vendor"]}}]',7,1,'2023-06-28 09:40:23.993637');
INSERT INTO django_admin_log VALUES(374,'1','ADMIN-AUTO',2,'[{"changed": {"fields": ["Is vendor"]}}]',7,1,'2023-06-28 09:48:04.452172');
INSERT INTO django_admin_log VALUES(375,'1','ADMIN-AUTO',2,'[{"changed": {"fields": ["Is vendor"]}}]',7,1,'2023-06-28 09:49:07.151086');
INSERT INTO django_admin_log VALUES(376,'1','ADMIN-AUTO',2,'[{"changed": {"fields": ["Is vendor"]}}]',7,1,'2023-06-28 09:52:06.124987');
INSERT INTO django_admin_log VALUES(377,'1','ADMIN-AUTO',2,'[{"changed": {"fields": ["Is vendor"]}}]',7,1,'2023-06-28 09:58:30.912421');
INSERT INTO django_admin_log VALUES(378,'4','Nonso',2,'[{"changed": {"fields": ["Is vendor"]}}]',7,1,'2023-06-28 10:02:25.048283');
INSERT INTO django_admin_log VALUES(379,'4','Nonso',2,'[{"changed": {"fields": ["Is vendor"]}}]',7,1,'2023-07-06 21:17:49.611737');
INSERT INTO django_admin_log VALUES(380,'1','ADMIN-AUTO',2,'[{"changed": {"fields": ["Is vendor"]}}]',7,1,'2023-07-06 21:18:59.673318');
INSERT INTO django_admin_log VALUES(381,'1','ADMIN-AUTO',2,'[{"changed": {"fields": ["Is vendor"]}}]',7,1,'2023-07-06 21:19:32.214990');
INSERT INTO django_admin_log VALUES(382,'39','Toyota',2,'[{"changed": {"fields": ["Userprofile"]}}]',9,1,'2023-07-09 17:29:55.213967');
INSERT INTO django_admin_log VALUES(383,'1','ADMIN-AUTO',2,'[{"changed": {"fields": ["Is vendor"]}}]',7,1,'2023-07-11 02:00:15.805641');
INSERT INTO django_admin_log VALUES(384,'1','ADMIN-AUTO',2,'[{"changed": {"fields": ["Is vendor"]}}]',7,1,'2023-07-11 02:00:57.883777');
INSERT INTO django_admin_log VALUES(385,'1','ADMIN-AUTO',2,'[{"changed": {"fields": ["Is vendor"]}}]',7,1,'2023-07-11 02:01:37.378560');
INSERT INTO django_admin_log VALUES(386,'1','ADMIN-AUTO',2,'[{"changed": {"fields": ["Is vendor"]}}]',7,1,'2023-07-11 02:03:50.926795');
INSERT INTO django_admin_log VALUES(387,'4','Nonso',2,'[{"changed": {"fields": ["Is vendor"]}}]',7,1,'2023-07-11 02:24:49.708468');
INSERT INTO django_admin_log VALUES(388,'11','BAYELSA',3,'',14,1,'2023-08-01 10:39:35.019552');
INSERT INTO django_admin_log VALUES(389,'10','AKWA IBOM',3,'',14,1,'2023-08-01 10:39:35.230678');
INSERT INTO django_admin_log VALUES(390,'9','EBONYI',3,'',14,1,'2023-08-01 10:39:35.390677');
INSERT INTO django_admin_log VALUES(391,'8','CROSS RIVER',3,'',14,1,'2023-08-01 10:39:35.502682');
INSERT INTO django_admin_log VALUES(392,'7','RIVERS',3,'',14,1,'2023-08-01 10:39:35.638680');
INSERT INTO django_admin_log VALUES(393,'6','ANAMBRA',3,'',14,1,'2023-08-01 10:39:35.750670');
INSERT INTO django_admin_log VALUES(394,'5','EDO',3,'',14,1,'2023-08-01 10:39:35.830673');
INSERT INTO django_admin_log VALUES(395,'4','ENUGU',3,'',14,1,'2023-08-01 10:39:35.926671');
INSERT INTO django_admin_log VALUES(396,'3','ABIA',3,'',14,1,'2023-08-01 10:39:36.166671');
INSERT INTO django_admin_log VALUES(397,'2','DELTA',3,'',14,1,'2023-08-01 10:39:36.246690');
INSERT INTO django_admin_log VALUES(398,'1','IMO',3,'',14,1,'2023-08-01 10:39:36.324571');
INSERT INTO django_admin_log VALUES(399,'12','Bengo',1,'[{"added": {}}]',14,1,'2023-08-01 10:39:59.747760');
INSERT INTO django_admin_log VALUES(400,'13','Benguela',1,'[{"added": {}}]',14,1,'2023-08-01 10:40:19.752203');
INSERT INTO django_admin_log VALUES(401,'14','Bie',1,'[{"added": {}}]',14,1,'2023-08-01 10:40:50.605068');
INSERT INTO django_admin_log VALUES(402,'15','Cabinda',1,'[{"added": {}}]',14,1,'2023-08-01 10:41:05.172033');
INSERT INTO django_admin_log VALUES(403,'16','Cuando',1,'[{"added": {}}]',14,1,'2023-08-01 10:41:16.014543');
INSERT INTO django_admin_log VALUES(404,'17','Cubango',1,'[{"added": {}}]',14,1,'2023-08-01 10:41:33.913435');
INSERT INTO django_admin_log VALUES(405,'18','Cuanza Norte',1,'[{"added": {}}]',14,1,'2023-08-01 10:41:52.487128');
INSERT INTO django_admin_log VALUES(406,'19','Cuanza Sul',1,'[{"added": {}}]',14,1,'2023-08-01 10:42:13.892103');
INSERT INTO django_admin_log VALUES(407,'20','Cunene',1,'[{"added": {}}]',14,1,'2023-08-01 10:42:27.958940');
INSERT INTO django_admin_log VALUES(408,'21','Huambo',1,'[{"added": {}}]',14,1,'2023-08-01 10:42:39.720955');
INSERT INTO django_admin_log VALUES(409,'22','Hulia',1,'[{"added": {}}]',14,1,'2023-08-01 10:43:14.705395');
INSERT INTO django_admin_log VALUES(410,'22','Huila',2,'[{"changed": {"fields": ["State"]}}]',14,1,'2023-08-01 10:43:30.699931');
INSERT INTO django_admin_log VALUES(411,'23','Luanda',1,'[{"added": {}}]',14,1,'2023-08-01 10:48:30.971869');
INSERT INTO django_admin_log VALUES(412,'24','l',1,'[{"added": {}}]',14,1,'2023-08-01 10:48:54.999572');
INSERT INTO django_admin_log VALUES(413,'24','Luanda Sue',2,'[{"changed": {"fields": ["State"]}}]',14,1,'2023-08-01 10:49:14.678567');
INSERT INTO django_admin_log VALUES(414,'25','Luanda Norte',1,'[{"added": {}}]',14,1,'2023-08-01 10:49:31.445382');
INSERT INTO django_admin_log VALUES(415,'26','Malanje',1,'[{"added": {}}]',14,1,'2023-08-01 10:49:43.850961');
INSERT INTO django_admin_log VALUES(416,'27','Mexico',1,'[{"added": {}}]',14,1,'2023-08-01 10:49:50.077854');
INSERT INTO django_admin_log VALUES(417,'28','Namibe',1,'[{"added": {}}]',14,1,'2023-08-01 10:50:15.070694');
INSERT INTO django_admin_log VALUES(418,'29','Uige',1,'[{"added": {}}]',14,1,'2023-08-01 10:50:22.440508');
INSERT INTO django_admin_log VALUES(419,'30','Zaire',1,'[{"added": {}}]',14,1,'2023-08-01 10:50:31.138227');
INSERT INTO django_admin_log VALUES(420,'17','Cubango',3,'',14,1,'2023-08-01 10:52:09.344391');
INSERT INTO django_admin_log VALUES(421,'16','Cuando Cubango',2,'[{"changed": {"fields": ["State"]}}]',14,1,'2023-08-01 10:52:26.224344');
INSERT INTO django_admin_log VALUES(422,'13','ADMIN-AUTO',1,'[{"added": {}}]',7,1,'2023-08-01 18:13:11.012647');
INSERT INTO django_admin_log VALUES(423,'9','Luxury',2,'[{"changed": {"fields": ["Title", "Slug"]}}]',8,1,'2023-08-01 18:36:27.338615');
INSERT INTO django_admin_log VALUES(424,'13','ADMIN-AUTO',2,'[{"changed": {"fields": ["Is vendor"]}}]',7,1,'2023-08-05 15:30:08.489707');
INSERT INTO django_admin_log VALUES(425,'13','ADMIN-AUTO',2,'[{"changed": {"fields": ["Is vendor"]}}]',7,1,'2023-08-05 15:42:59.363380');
INSERT INTO django_admin_log VALUES(426,'3','Carros de luxo',2,'[{"changed": {"fields": ["Title", "Slug"]}}]',8,1,'2023-08-30 13:26:34.862158');
INSERT INTO django_admin_log VALUES(427,'5','Compre Carros Novos',2,'[{"changed": {"fields": ["Title", "Slug"]}}]',8,1,'2023-08-30 13:27:30.212735');
INSERT INTO django_admin_log VALUES(428,'4','Compre Carros Usados',2,'[{"changed": {"fields": ["Title", "Slug"]}}]',8,1,'2023-08-30 13:28:03.440362');
INSERT INTO django_admin_log VALUES(429,'12','yamm',1,'[{"added": {}}]',8,1,'2023-09-28 08:48:50.977025');
INSERT INTO django_admin_log VALUES(430,'11','',3,'',8,1,'2023-09-28 08:57:47.620945');
INSERT INTO django_admin_log VALUES(431,'10','',3,'',8,1,'2023-09-28 08:57:47.721048');
INSERT INTO django_admin_log VALUES(432,'9','',3,'',8,1,'2023-09-28 08:57:47.861606');
INSERT INTO django_admin_log VALUES(433,'8','',3,'',8,1,'2023-09-28 08:57:47.954990');
INSERT INTO django_admin_log VALUES(434,'7','',3,'',8,1,'2023-09-28 08:57:48.054785');
INSERT INTO django_admin_log VALUES(435,'6','',3,'',8,1,'2023-09-28 08:57:48.156694');
INSERT INTO django_admin_log VALUES(436,'5','',3,'',8,1,'2023-09-28 08:57:48.310012');
INSERT INTO django_admin_log VALUES(437,'4','',3,'',8,1,'2023-09-28 08:57:48.385207');
INSERT INTO django_admin_log VALUES(438,'3','',3,'',8,1,'2023-09-28 08:57:48.459867');
INSERT INTO django_admin_log VALUES(439,'12','yamm',3,'',8,1,'2023-09-28 08:57:48.577819');
INSERT INTO django_admin_log VALUES(440,'13','COMPRE CARROS NOVOS',1,'[{"added": {}}]',8,1,'2023-09-28 09:13:50.777932');
INSERT INTO django_admin_log VALUES(441,'14','BUY AFFORDABLE CARS',1,'[{"added": {}}]',8,1,'2023-09-28 09:15:36.603950');
INSERT INTO django_admin_log VALUES(442,'15','BUY USED CARS',1,'[{"added": {}}]',8,1,'2023-09-28 09:16:41.250898');
INSERT INTO django_admin_log VALUES(443,'16','ORIGINAL BATTERY',1,'[{"added": {}}]',8,1,'2023-09-28 09:17:58.147356');
INSERT INTO django_admin_log VALUES(444,'17','BUSES AND TRUCKS',1,'[{"added": {}}]',8,1,'2023-09-28 09:19:09.185629');
INSERT INTO django_admin_log VALUES(445,'18','CAR ENGINE',1,'[{"added": {}}]',8,1,'2023-09-28 09:20:02.008481');
INSERT INTO django_admin_log VALUES(446,'19','GEAR BOX',1,'[{"added": {}}]',8,1,'2023-09-28 09:21:24.837990');
INSERT INTO django_admin_log VALUES(447,'20','ENGINE AND PISTON PARTS',1,'[{"added": {}}]',8,1,'2023-09-28 09:23:11.683218');
INSERT INTO django_admin_log VALUES(448,'21','ASK',1,'[{"added": {}}]',8,1,'2023-09-28 09:24:47.145539');
INSERT INTO django_admin_log VALUES(449,'61','ROLLS ROYCE',1,'[{"added": {}}]',13,1,'2023-09-28 09:42:42.565606');
INSERT INTO django_admin_log VALUES(450,'61','ROLLS ROYCE',2,'[{"changed": {"fields": ["Title [pt]"]}}]',13,1,'2023-09-28 09:45:02.473511');
INSERT INTO django_admin_log VALUES(451,'62','BENTLEY',1,'[{"added": {}}]',13,1,'2023-09-28 09:47:27.134085');
INSERT INTO django_admin_log VALUES(452,'63','JETOUR  CARROS',1,'[{"added": {}}]',13,1,'2023-09-28 09:49:30.311197');
INSERT INTO django_admin_log VALUES(453,'64','BMW CARROS',1,'[{"added": {}}]',13,1,'2023-09-28 09:50:21.325704');
INSERT INTO django_admin_log VALUES(454,'65','VOLVO CARROS',1,'[{"added": {}}]',13,1,'2023-09-28 09:52:20.172305');
INSERT INTO django_admin_log VALUES(455,'66','AUDI CARROS',1,'[{"added": {}}]',13,1,'2023-09-28 09:53:02.901484');
INSERT INTO django_admin_log VALUES(456,'67','TOYOTA CARROS',1,'[{"added": {}}]',13,1,'2023-09-28 09:54:11.181811');
INSERT INTO django_admin_log VALUES(457,'68','MITSUBISHI CARROS',1,'[{"added": {}}]',13,1,'2023-09-28 09:55:05.462788');
INSERT INTO django_admin_log VALUES(458,'69','HYUNDAI CARROS',1,'[{"added": {}}]',13,1,'2023-09-28 09:58:26.787349');
INSERT INTO django_admin_log VALUES(459,'69','HYUNDAI CARROS',2,'[]',13,1,'2023-09-28 09:58:39.774461');
INSERT INTO django_admin_log VALUES(460,'70','NISSAN CARROS',1,'[{"added": {}}]',13,1,'2023-09-28 10:02:28.609676');
INSERT INTO django_admin_log VALUES(461,'71','SUZUKI CARROS',1,'[{"added": {}}]',13,1,'2023-09-28 10:03:16.267575');
INSERT INTO django_admin_log VALUES(462,'72','KIA CARROS',1,'[{"added": {}}]',13,1,'2023-09-28 10:03:47.405636');
INSERT INTO django_admin_log VALUES(463,'73','FORD CARROS',1,'[{"added": {}}]',13,1,'2023-09-28 10:04:32.786968');
INSERT INTO django_admin_log VALUES(464,'74','CHEVROLET CARROS',1,'[{"added": {}}]',13,1,'2023-09-28 10:07:06.987853');
INSERT INTO django_admin_log VALUES(465,'75','RENAULT CARROS',1,'[{"added": {}}]',13,1,'2023-09-28 10:08:45.617397');
INSERT INTO django_admin_log VALUES(466,'76','GMC CARROS',1,'[{"added": {}}]',13,1,'2023-09-28 10:20:28.628768');
INSERT INTO django_admin_log VALUES(467,'77','FIAT CARROS',1,'[{"added": {}}]',13,1,'2023-09-28 10:21:42.306765');
INSERT INTO django_admin_log VALUES(468,'78','CHINA CARROS',1,'[{"added": {}}]',13,1,'2023-09-28 10:22:43.545252');
INSERT INTO django_admin_log VALUES(469,'79','JETOUR  CAR',1,'[{"added": {}}]',13,1,'2023-09-28 13:03:24.864865');
INSERT INTO django_admin_log VALUES(470,'80','BMW CAR',1,'[{"added": {}}]',13,1,'2023-09-28 13:04:27.470141');
INSERT INTO django_admin_log VALUES(471,'81','MERCEDES CAR',1,'[{"added": {}}]',13,1,'2023-09-28 13:05:10.393296');
INSERT INTO django_admin_log VALUES(472,'82','VOLVO CAR',1,'[{"added": {}}]',13,1,'2023-09-28 13:07:01.136358');
INSERT INTO django_admin_log VALUES(473,'83','AUDI CAR',1,'[{"added": {}}]',13,1,'2023-09-28 13:08:25.909107');
INSERT INTO django_admin_log VALUES(474,'84','TOYOTA CAR',1,'[{"added": {}}]',13,1,'2023-09-28 13:09:33.256339');
INSERT INTO django_admin_log VALUES(475,'85','MITSUBISHI CAR',1,'[{"added": {}}]',13,1,'2023-09-28 13:10:23.245787');
INSERT INTO django_admin_log VALUES(476,'86','HYUNDAI CAR',1,'[{"added": {}}]',13,1,'2023-09-28 13:12:26.532869');
INSERT INTO django_admin_log VALUES(477,'87','TRUCKS AND BUSES',1,'[{"added": {}}]',13,1,'2023-09-29 07:43:22.307196');
INSERT INTO django_admin_log VALUES(478,'88','NISSAN CAR',1,'[{"added": {}}]',13,1,'2023-09-29 07:44:35.895468');
INSERT INTO django_admin_log VALUES(479,'89','SUZUKI CAR',1,'[{"added": {}}]',13,1,'2023-09-29 07:45:43.494271');
INSERT INTO django_admin_log VALUES(480,'90','KIA CAR',1,'[{"added": {}}]',13,1,'2023-09-29 07:46:06.363246');
INSERT INTO django_admin_log VALUES(481,'91','FORD CAR',1,'[{"added": {}}]',13,1,'2023-09-29 07:46:55.913685');
INSERT INTO django_admin_log VALUES(482,'92','CHEVROLET CAR',1,'[{"added": {}}]',13,1,'2023-09-29 07:47:19.454421');
INSERT INTO django_admin_log VALUES(483,'93','RENAULT CAR',1,'[{"added": {}}]',13,1,'2023-09-29 07:48:00.969279');
INSERT INTO django_admin_log VALUES(484,'94','GMC CAR',1,'[{"added": {}}]',13,1,'2023-09-29 07:48:27.354297');
INSERT INTO django_admin_log VALUES(485,'95','MAZDA CAR',1,'[{"added": {}}]',13,1,'2023-09-29 07:49:10.799549');
INSERT INTO django_admin_log VALUES(486,'96','HONDA CAR',1,'[{"added": {}}]',13,1,'2023-09-29 07:50:05.538303');
INSERT INTO django_admin_log VALUES(487,'97','FIAT CAR',1,'[{"added": {}}]',13,1,'2023-09-29 07:50:57.228699');
INSERT INTO django_admin_log VALUES(488,'98','CHINA CAR',1,'[{"added": {}}]',13,1,'2023-09-29 07:51:34.726074');
INSERT INTO django_admin_log VALUES(489,'78','CHINA CAR',2,'[{"changed": {"fields": ["Slug"]}}]',13,1,'2023-09-29 07:51:55.229767');
INSERT INTO django_admin_log VALUES(490,'99','JETOUR  CAR',1,'[{"added": {}}]',13,1,'2023-09-29 07:52:55.647645');
INSERT INTO django_admin_log VALUES(491,'100','BMW CAR',1,'[{"added": {}}]',13,1,'2023-09-29 07:54:17.969519');
INSERT INTO django_admin_log VALUES(492,'101','MERCEDES CAR',1,'[{"added": {}}]',13,1,'2023-09-29 07:56:50.130805');
INSERT INTO django_admin_log VALUES(493,'102','VOLVO CAR',1,'[{"added": {}}]',13,1,'2023-09-29 07:57:27.859968');
INSERT INTO django_admin_log VALUES(494,'103','TOYOTA CAR',1,'[{"added": {}}]',13,1,'2023-09-29 07:58:01.691714');
INSERT INTO django_admin_log VALUES(495,'104','MITSUBISHI CAR',1,'[{"added": {}}]',13,1,'2023-09-29 07:58:38.232091');
INSERT INTO django_admin_log VALUES(496,'105','HYUNDAI CAR',1,'[{"added": {}}]',13,1,'2023-09-29 07:59:10.069765');
INSERT INTO django_admin_log VALUES(497,'106','AUDI CAR',1,'[{"added": {}}]',13,1,'2023-09-29 08:01:24.790517');
INSERT INTO django_admin_log VALUES(498,'107','TRUCKS AND BUSES',1,'[{"added": {}}]',13,1,'2023-09-29 08:02:30.963216');
INSERT INTO django_admin_log VALUES(499,'108','NISSAN CAR',1,'[{"added": {}}]',13,1,'2023-09-29 08:03:04.427841');
INSERT INTO django_admin_log VALUES(500,'109','SUZUKI CAR',1,'[{"added": {}}]',13,1,'2023-09-29 08:03:31.466075');
INSERT INTO django_admin_log VALUES(501,'110','KIA CAR',1,'[{"added": {}}]',13,1,'2023-09-29 08:04:19.143487');
INSERT INTO django_admin_log VALUES(502,'111','FORD CAR',1,'[{"added": {}}]',13,1,'2023-09-29 08:05:06.389938');
INSERT INTO django_admin_log VALUES(503,'112','CHEVROLET CAR',1,'[{"added": {}}]',13,1,'2023-09-29 08:05:33.838118');
INSERT INTO django_admin_log VALUES(504,'113','RENAULT CAR',1,'[{"added": {}}]',13,1,'2023-09-29 08:06:53.025505');
INSERT INTO django_admin_log VALUES(505,'114','GMC CAR',1,'[{"added": {}}]',13,1,'2023-09-29 08:08:30.498401');
INSERT INTO django_admin_log VALUES(506,'115','MAZDA CAR',1,'[{"added": {}}]',13,1,'2023-09-29 08:08:59.728142');
INSERT INTO django_admin_log VALUES(507,'116','HONDA CAR',1,'[{"added": {}}]',13,1,'2023-09-29 08:09:25.594039');
INSERT INTO django_admin_log VALUES(508,'117','FIAT CAR',1,'[{"added": {}}]',13,1,'2023-09-29 08:09:59.042100');
INSERT INTO django_admin_log VALUES(509,'118','CHINA CAR',1,'[{"added": {}}]',13,1,'2023-09-29 08:10:21.933266');
INSERT INTO django_admin_log VALUES(510,'119','36 AH Ampere',1,'[{"added": {}}]',13,1,'2023-09-29 08:14:00.331383');
INSERT INTO django_admin_log VALUES(511,'120','45 AH Ampere',1,'[{"added": {}}]',13,1,'2023-09-29 08:14:39.920627');
INSERT INTO django_admin_log VALUES(512,'121','55 AH Ampere',1,'[{"added": {}}]',13,1,'2023-09-29 08:15:12.594403');
INSERT INTO django_admin_log VALUES(513,'122','66 AH Ampere',1,'[{"added": {}}]',13,1,'2023-09-29 08:15:47.659628');
INSERT INTO django_admin_log VALUES(514,'123','75 AH Ampere',1,'[{"added": {}}]',13,1,'2023-09-29 08:16:23.823473');
INSERT INTO django_admin_log VALUES(515,'124','95 AH Ampere',1,'[{"added": {}}]',13,1,'2023-09-29 08:17:06.856449');
INSERT INTO django_admin_log VALUES(516,'125','100 & 150 AH Ampere',1,'[{"added": {}}]',13,1,'2023-09-29 08:17:53.022498');
INSERT INTO django_admin_log VALUES(517,'126','ALL BUS',1,'[{"added": {}}]',13,1,'2023-09-29 16:57:57.853336');
INSERT INTO django_admin_log VALUES(518,'127','ALL TRUCKS',1,'[{"added": {}}]',13,1,'2023-09-29 16:58:56.848659');
INSERT INTO django_admin_log VALUES(519,'128','TOYOTA TRUCKS',1,'[{"added": {}}]',13,1,'2023-09-29 17:00:00.763045');
INSERT INTO django_admin_log VALUES(520,'129','TOYOTA BUS HIACE',1,'[{"added": {}}]',13,1,'2023-09-29 17:00:54.759739');
INSERT INTO django_admin_log VALUES(521,'130','HYUNDAI BUS',1,'[{"added": {}}]',13,1,'2023-09-29 17:01:37.391242');
INSERT INTO django_admin_log VALUES(522,'131','MITSUBISHI CANTER',1,'[{"added": {}}]',13,1,'2023-09-29 17:02:17.106028');
INSERT INTO django_admin_log VALUES(523,'132','MERCEDES TRUCKS',1,'[{"added": {}}]',13,1,'2023-09-29 17:06:45.826383');
INSERT INTO django_admin_log VALUES(524,'133','HOWO TRUCKS',1,'[{"added": {}}]',13,1,'2023-09-29 17:07:27.459008');
INSERT INTO django_admin_log VALUES(525,'134','VOLVO TRUCKS',1,'[{"added": {}}]',13,1,'2023-09-29 17:08:44.439167');
INSERT INTO django_admin_log VALUES(526,'135','DINO TRUCKS',1,'[{"added": {}}]',13,1,'2023-09-29 17:10:34.300077');
INSERT INTO django_admin_log VALUES(527,'136','MAN TRUCKS',1,'[{"added": {}}]',13,1,'2023-09-29 17:11:18.448871');
INSERT INTO django_admin_log VALUES(528,'137','IVECO TRUCKS',1,'[{"added": {}}]',13,1,'2023-09-29 17:12:18.213224');
INSERT INTO django_admin_log VALUES(529,'138','DAF TRUCKS',1,'[{"added": {}}]',13,1,'2023-09-29 17:13:49.273004');
INSERT INTO django_admin_log VALUES(530,'139','VOLKSWAGEN TRUCKS',1,'[{"added": {}}]',13,1,'2023-09-29 17:14:57.051298');
INSERT INTO django_admin_log VALUES(531,'140','JETOUR ENGINE',1,'[{"added": {}}]',13,1,'2023-09-29 17:17:06.678557');
INSERT INTO django_admin_log VALUES(532,'141','BMW ENGINE',1,'[{"added": {}}]',13,1,'2023-09-29 17:17:56.686968');
INSERT INTO django_admin_log VALUES(533,'142','MERCEDES ENGINE',1,'[{"added": {}}]',13,1,'2023-09-29 17:19:02.138360');
INSERT INTO django_admin_log VALUES(534,'143','VOLVO ENGINE',1,'[{"added": {}}]',13,1,'2023-09-29 17:19:55.872847');
INSERT INTO django_admin_log VALUES(535,'144','AUDI ENGINE',1,'[{"added": {}}]',13,1,'2023-09-29 17:21:22.346187');
INSERT INTO django_admin_log VALUES(536,'145','TOYOTA ENGINE',1,'[{"added": {}}]',13,1,'2023-09-29 17:22:20.667235');
INSERT INTO django_admin_log VALUES(537,'146','MITSUBISHI ENGINE',1,'[{"added": {}}]',13,1,'2023-09-29 17:24:11.130010');
INSERT INTO django_admin_log VALUES(538,'147','MITSUBISHI ENGINE',1,'[{"added": {}}]',13,1,'2023-09-29 17:24:11.478416');
INSERT INTO django_admin_log VALUES(539,'148','HYUNDAI ENGINE',1,'[{"added": {}}]',13,1,'2023-09-29 17:25:16.911277');
INSERT INTO django_admin_log VALUES(540,'149','NISSAN ENGINE',1,'[{"added": {}}]',13,1,'2023-09-29 17:26:27.812062');
INSERT INTO django_admin_log VALUES(541,'150','SUZUKI ENGINE',1,'[{"added": {}}]',13,1,'2023-09-29 17:27:50.415326');
INSERT INTO django_admin_log VALUES(542,'151','KIA ENGINE',1,'[{"added": {}}]',13,1,'2023-09-29 17:31:03.466621');
INSERT INTO django_admin_log VALUES(543,'152','FORD ENGINE',1,'[{"added": {}}]',13,1,'2023-09-29 17:32:55.465300');
INSERT INTO django_admin_log VALUES(544,'153','CHEVROLET ENGINE',1,'[{"added": {}}]',13,1,'2023-09-29 17:34:20.349498');
INSERT INTO django_admin_log VALUES(545,'154','RENAULT ENGINE',1,'[{"added": {}}]',13,1,'2023-09-29 17:36:20.202114');
INSERT INTO django_admin_log VALUES(546,'155','MAZDA ENGINE',1,'[{"added": {}}]',13,1,'2023-09-29 17:38:29.093666');
INSERT INTO django_admin_log VALUES(547,'156','GMC MOTOR',1,'[{"added": {}}]',13,1,'2023-09-29 18:02:56.589966');
INSERT INTO django_admin_log VALUES(548,'157','HONDA MOTOR',1,'[{"added": {}}]',13,1,'2023-09-29 18:04:29.887935');
INSERT INTO django_admin_log VALUES(549,'158','FIAT MOTOR',1,'[{"added": {}}]',13,1,'2023-09-29 18:06:05.902725');
INSERT INTO django_admin_log VALUES(550,'159','CHINA MOTOR',1,'[{"added": {}}]',13,1,'2023-09-29 18:09:56.900391');
INSERT INTO django_admin_log VALUES(551,'146','MITSUBISHI MOTOR',3,'',13,1,'2023-09-29 18:11:25.280475');
INSERT INTO django_admin_log VALUES(552,'160','JETOUR CAIXA',1,'[{"added": {}}]',13,1,'2023-10-02 15:01:25.224028');
INSERT INTO django_admin_log VALUES(553,'161','BMW CAIXA',1,'[{"added": {}}]',13,1,'2023-10-02 15:04:49.358881');
INSERT INTO django_admin_log VALUES(554,'162','MERCEDES CAIXA',1,'[{"added": {}}]',13,1,'2023-10-02 15:08:40.045672');
INSERT INTO django_admin_log VALUES(555,'163','VOLVO CAIXA',1,'[{"added": {}}]',13,1,'2023-10-02 15:12:45.225689');
INSERT INTO django_admin_log VALUES(556,'164','AUDI CAIXA',1,'[{"added": {}}]',13,1,'2023-10-02 15:18:03.944291');
INSERT INTO django_admin_log VALUES(557,'165','TOYOTA CAIXA',1,'[{"added": {}}]',13,1,'2023-10-02 15:19:02.517026');
INSERT INTO django_admin_log VALUES(558,'166','MITSUBISHI CAIXA',1,'[{"added": {}}]',13,1,'2023-10-02 15:20:19.499791');
INSERT INTO django_admin_log VALUES(559,'167','HYUNDAI CAIXA',1,'[{"added": {}}]',13,1,'2023-10-02 15:22:32.131909');
INSERT INTO django_admin_log VALUES(560,'168','NISSAN CAIXA',1,'[{"added": {}}]',13,1,'2023-10-02 15:28:22.109452');
INSERT INTO django_admin_log VALUES(561,'169','SUZUKI CAIXA',1,'[{"added": {}}]',13,1,'2023-10-02 15:29:17.312411');
INSERT INTO django_admin_log VALUES(562,'170','KIA CAIXA',1,'[{"added": {}}]',13,1,'2023-10-02 15:30:32.601552');
INSERT INTO django_admin_log VALUES(563,'171','FORD CAIXA',1,'[{"added": {}}]',13,1,'2023-10-02 15:32:26.863154');
INSERT INTO django_admin_log VALUES(564,'172','CHEVROLET CAIXA',1,'[{"added": {}}]',13,1,'2023-10-02 15:34:46.523204');
INSERT INTO django_admin_log VALUES(565,'173','RENAULT CAIXA',1,'[{"added": {}}]',13,1,'2023-10-02 15:37:42.048481');
INSERT INTO django_admin_log VALUES(566,'174','GMC CAIXA',1,'[{"added": {}}]',13,1,'2023-10-02 15:39:16.661702');
INSERT INTO django_admin_log VALUES(567,'175','MAZDA CAIXA',1,'[{"added": {}}]',13,1,'2023-10-02 15:40:16.808148');
INSERT INTO django_admin_log VALUES(568,'176','HONDA CAIXA',1,'[{"added": {}}]',13,1,'2023-10-02 15:54:31.409756');
INSERT INTO django_admin_log VALUES(569,'177','FIAT CAIXA',1,'[{"added": {}}]',13,1,'2023-10-02 15:55:39.289920');
INSERT INTO django_admin_log VALUES(570,'178','CAPAS & SEGMENTO',1,'[{"added": {}}]',13,1,'2023-10-02 16:04:31.631502');
INSERT INTO django_admin_log VALUES(571,'179','ALTERNATOR_MOTOR DEARRANQUE',1,'[{"added": {}}]',13,1,'2023-10-02 16:06:05.236344');
INSERT INTO django_admin_log VALUES(572,'180','COMPRESSOR',1,'[{"added": {}}]',13,1,'2023-10-02 16:13:02.316483');
INSERT INTO django_admin_log VALUES(573,'181','RADIADOR',1,'[{"added": {}}]',13,1,'2023-10-02 16:14:06.821977');
INSERT INTO django_admin_log VALUES(574,'182','COMBOTA',1,'[{"added": {}}]',13,1,'2023-10-02 16:14:56.280086');
INSERT INTO django_admin_log VALUES(575,'183','DISCO',1,'[{"added": {}}]',13,1,'2023-10-02 16:15:36.996846');
INSERT INTO django_admin_log VALUES(576,'184','PRENSA',1,'[{"added": {}}]',13,1,'2023-10-02 16:16:14.482708');
INSERT INTO django_admin_log VALUES(577,'21','ASK',3,'',8,1,'2023-10-02 16:17:43.737960');
INSERT INTO django_admin_log VALUES(578,'14','AFFORDABLE CARS',2,'[{"changed": {"fields": ["Title", "Title [en]", "Title [pt]"]}}]',8,1,'2023-10-02 16:18:08.445430');
INSERT INTO django_admin_log VALUES(579,'13','NEW CARS',2,'[{"changed": {"fields": ["Title", "Title [en]", "Title [pt]"]}}]',8,1,'2023-10-02 16:18:23.876317');
INSERT INTO django_admin_log VALUES(580,'15','USED CARS',2,'[{"changed": {"fields": ["Title", "Title [en]", "Title [pt]"]}}]',8,1,'2023-10-02 16:18:40.726281');
INSERT INTO django_admin_log VALUES(581,'178','CAPAS & SEGMENTO',2,'[{"changed": {"fields": ["Category"]}}]',13,1,'2023-10-02 16:33:34.876689');
INSERT INTO django_admin_log VALUES(582,'14','IZUCHUKWU',2,'[{"changed": {"fields": ["Is vendor"]}}]',7,1,'2023-10-09 06:45:20.676713');
CREATE TABLE IF NOT EXISTS "django_content_type" ("id" SERIAL NOT NULL PRIMARY KEY, "app_label" varchar(100) NOT NULL, "model" varchar(100) NOT NULL);
INSERT INTO django_content_type VALUES(1,'admin','logentry');
INSERT INTO django_content_type VALUES(2,'auth','permission');
INSERT INTO django_content_type VALUES(3,'auth','group');
INSERT INTO django_content_type VALUES(4,'auth','user');
INSERT INTO django_content_type VALUES(5,'contenttypes','contenttype');
INSERT INTO django_content_type VALUES(6,'sessions','session');
INSERT INTO django_content_type VALUES(7,'userprofile','userprofile');
INSERT INTO django_content_type VALUES(8,'store','category');
INSERT INTO django_content_type VALUES(9,'store','product');
INSERT INTO django_content_type VALUES(10,'store','order');
INSERT INTO django_content_type VALUES(11,'store','orderitem');
INSERT INTO django_content_type VALUES(12,'userprofile','customuser');
INSERT INTO django_content_type VALUES(13,'store','subcategory');
INSERT INTO django_content_type VALUES(14,'userprofile','state');
INSERT INTO django_content_type VALUES(15,'django_apscheduler','djangojob');
INSERT INTO django_content_type VALUES(16,'django_apscheduler','djangojobexecution');
INSERT INTO django_content_type VALUES(17,'django_cron','cronjoblog');
INSERT INTO django_content_type VALUES(18,'django_cron','cronjoblock');
INSERT INTO django_content_type VALUES(19,'django_celery_beat','crontabschedule');
INSERT INTO django_content_type VALUES(20,'django_celery_beat','intervalschedule');
INSERT INTO django_content_type VALUES(21,'django_celery_beat','periodictask');
INSERT INTO django_content_type VALUES(22,'django_celery_beat','periodictasks');
INSERT INTO django_content_type VALUES(23,'django_celery_beat','solarschedule');
INSERT INTO django_content_type VALUES(24,'django_celery_beat','clockedschedule');
INSERT INTO django_content_type VALUES(25,'jet','bookmark');
INSERT INTO django_content_type VALUES(26,'jet','pinnedapplication');
CREATE TABLE IF NOT EXISTS "auth_permission" ("id" SERIAL NOT NULL PRIMARY KEY, "content_type_id" SERIAL NOT NULL REFERENCES "django_content_type" ("id") DEFERRABLE INITIALLY DEFERRED, "codename" varchar(100) NOT NULL, "name" varchar(255) NOT NULL);
INSERT INTO auth_permission VALUES(1,1,'add_logentry','Can add log entry');
INSERT INTO auth_permission VALUES(2,1,'change_logentry','Can change log entry');
INSERT INTO auth_permission VALUES(3,1,'delete_logentry','Can delete log entry');
INSERT INTO auth_permission VALUES(4,1,'view_logentry','Can view log entry');
INSERT INTO auth_permission VALUES(5,2,'add_permission','Can add permission');
INSERT INTO auth_permission VALUES(6,2,'change_permission','Can change permission');
INSERT INTO auth_permission VALUES(7,2,'delete_permission','Can delete permission');
INSERT INTO auth_permission VALUES(8,2,'view_permission','Can view permission');
INSERT INTO auth_permission VALUES(9,3,'add_group','Can add group');
INSERT INTO auth_permission VALUES(10,3,'change_group','Can change group');
INSERT INTO auth_permission VALUES(11,3,'delete_group','Can delete group');
INSERT INTO auth_permission VALUES(12,3,'view_group','Can view group');
INSERT INTO auth_permission VALUES(13,4,'add_user','Can add user');
INSERT INTO auth_permission VALUES(14,4,'change_user','Can change user');
INSERT INTO auth_permission VALUES(15,4,'delete_user','Can delete user');
INSERT INTO auth_permission VALUES(16,4,'view_user','Can view user');
INSERT INTO auth_permission VALUES(17,5,'add_contenttype','Can add content type');
INSERT INTO auth_permission VALUES(18,5,'change_contenttype','Can change content type');
INSERT INTO auth_permission VALUES(19,5,'delete_contenttype','Can delete content type');
INSERT INTO auth_permission VALUES(20,5,'view_contenttype','Can view content type');
INSERT INTO auth_permission VALUES(21,6,'add_session','Can add session');
INSERT INTO auth_permission VALUES(22,6,'change_session','Can change session');
INSERT INTO auth_permission VALUES(23,6,'delete_session','Can delete session');
INSERT INTO auth_permission VALUES(24,6,'view_session','Can view session');
INSERT INTO auth_permission VALUES(25,7,'add_userprofile','Can add userprofile');
INSERT INTO auth_permission VALUES(26,7,'change_userprofile','Can change userprofile');
INSERT INTO auth_permission VALUES(27,7,'delete_userprofile','Can delete userprofile');
INSERT INTO auth_permission VALUES(28,7,'view_userprofile','Can view userprofile');
INSERT INTO auth_permission VALUES(29,8,'add_category','Can add category');
INSERT INTO auth_permission VALUES(30,8,'change_category','Can change category');
INSERT INTO auth_permission VALUES(31,8,'delete_category','Can delete category');
INSERT INTO auth_permission VALUES(32,8,'view_category','Can view category');
INSERT INTO auth_permission VALUES(33,9,'add_product','Can add product');
INSERT INTO auth_permission VALUES(34,9,'change_product','Can change product');
INSERT INTO auth_permission VALUES(35,9,'delete_product','Can delete product');
INSERT INTO auth_permission VALUES(36,9,'view_product','Can view product');
INSERT INTO auth_permission VALUES(37,10,'add_order','Can add order');
INSERT INTO auth_permission VALUES(38,10,'change_order','Can change order');
INSERT INTO auth_permission VALUES(39,10,'delete_order','Can delete order');
INSERT INTO auth_permission VALUES(40,10,'view_order','Can view order');
INSERT INTO auth_permission VALUES(41,11,'add_orderitem','Can add order item');
INSERT INTO auth_permission VALUES(42,11,'change_orderitem','Can change order item');
INSERT INTO auth_permission VALUES(43,11,'delete_orderitem','Can delete order item');
INSERT INTO auth_permission VALUES(44,11,'view_orderitem','Can view order item');
INSERT INTO auth_permission VALUES(45,12,'add_customuser','Can add user');
INSERT INTO auth_permission VALUES(46,12,'change_customuser','Can change user');
INSERT INTO auth_permission VALUES(47,12,'delete_customuser','Can delete user');
INSERT INTO auth_permission VALUES(48,12,'view_customuser','Can view user');
INSERT INTO auth_permission VALUES(49,13,'add_subcategory','Can add subcategory');
INSERT INTO auth_permission VALUES(50,13,'change_subcategory','Can change subcategory');
INSERT INTO auth_permission VALUES(51,13,'delete_subcategory','Can delete subcategory');
INSERT INTO auth_permission VALUES(52,13,'view_subcategory','Can view subcategory');
INSERT INTO auth_permission VALUES(53,14,'add_state','Can add state');
INSERT INTO auth_permission VALUES(54,14,'change_state','Can change state');
INSERT INTO auth_permission VALUES(55,14,'delete_state','Can delete state');
INSERT INTO auth_permission VALUES(56,14,'view_state','Can view state');
INSERT INTO auth_permission VALUES(57,15,'add_djangojob','Can add django job');
INSERT INTO auth_permission VALUES(58,15,'change_djangojob','Can change django job');
INSERT INTO auth_permission VALUES(59,15,'delete_djangojob','Can delete django job');
INSERT INTO auth_permission VALUES(60,15,'view_djangojob','Can view django job');
INSERT INTO auth_permission VALUES(61,16,'add_djangojobexecution','Can add django job execution');
INSERT INTO auth_permission VALUES(62,16,'change_djangojobexecution','Can change django job execution');
INSERT INTO auth_permission VALUES(63,16,'delete_djangojobexecution','Can delete django job execution');
INSERT INTO auth_permission VALUES(64,16,'view_djangojobexecution','Can view django job execution');
INSERT INTO auth_permission VALUES(65,17,'add_cronjoblog','Can add cron job log');
INSERT INTO auth_permission VALUES(66,17,'change_cronjoblog','Can change cron job log');
INSERT INTO auth_permission VALUES(67,17,'delete_cronjoblog','Can delete cron job log');
INSERT INTO auth_permission VALUES(68,17,'view_cronjoblog','Can view cron job log');
INSERT INTO auth_permission VALUES(69,18,'add_cronjoblock','Can add cron job lock');
INSERT INTO auth_permission VALUES(70,18,'change_cronjoblock','Can change cron job lock');
INSERT INTO auth_permission VALUES(71,18,'delete_cronjoblock','Can delete cron job lock');
INSERT INTO auth_permission VALUES(72,18,'view_cronjoblock','Can view cron job lock');
INSERT INTO auth_permission VALUES(73,19,'add_crontabschedule','Can add crontab');
INSERT INTO auth_permission VALUES(74,19,'change_crontabschedule','Can change crontab');
INSERT INTO auth_permission VALUES(75,19,'delete_crontabschedule','Can delete crontab');
INSERT INTO auth_permission VALUES(76,19,'view_crontabschedule','Can view crontab');
INSERT INTO auth_permission VALUES(77,20,'add_intervalschedule','Can add interval');
INSERT INTO auth_permission VALUES(78,20,'change_intervalschedule','Can change interval');
INSERT INTO auth_permission VALUES(79,20,'delete_intervalschedule','Can delete interval');
INSERT INTO auth_permission VALUES(80,20,'view_intervalschedule','Can view interval');
INSERT INTO auth_permission VALUES(81,21,'add_periodictask','Can add periodic task');
INSERT INTO auth_permission VALUES(82,21,'change_periodictask','Can change periodic task');
INSERT INTO auth_permission VALUES(83,21,'delete_periodictask','Can delete periodic task');
INSERT INTO auth_permission VALUES(84,21,'view_periodictask','Can view periodic task');
INSERT INTO auth_permission VALUES(85,22,'add_periodictasks','Can add periodic tasks');
INSERT INTO auth_permission VALUES(86,22,'change_periodictasks','Can change periodic tasks');
INSERT INTO auth_permission VALUES(87,22,'delete_periodictasks','Can delete periodic tasks');
INSERT INTO auth_permission VALUES(88,22,'view_periodictasks','Can view periodic tasks');
INSERT INTO auth_permission VALUES(89,23,'add_solarschedule','Can add solar event');
INSERT INTO auth_permission VALUES(90,23,'change_solarschedule','Can change solar event');
INSERT INTO auth_permission VALUES(91,23,'delete_solarschedule','Can delete solar event');
INSERT INTO auth_permission VALUES(92,23,'view_solarschedule','Can view solar event');
INSERT INTO auth_permission VALUES(93,24,'add_clockedschedule','Can add clocked');
INSERT INTO auth_permission VALUES(94,24,'change_clockedschedule','Can change clocked');
INSERT INTO auth_permission VALUES(95,24,'delete_clockedschedule','Can delete clocked');
INSERT INTO auth_permission VALUES(96,24,'view_clockedschedule','Can view clocked');
INSERT INTO auth_permission VALUES(97,25,'add_bookmark','Can add bookmark');
INSERT INTO auth_permission VALUES(98,25,'change_bookmark','Can change bookmark');
INSERT INTO auth_permission VALUES(99,25,'delete_bookmark','Can delete bookmark');
INSERT INTO auth_permission VALUES(100,25,'view_bookmark','Can view bookmark');
INSERT INTO auth_permission VALUES(101,26,'add_pinnedapplication','Can add pinned application');
INSERT INTO auth_permission VALUES(102,26,'change_pinnedapplication','Can change pinned application');
INSERT INTO auth_permission VALUES(103,26,'delete_pinnedapplication','Can delete pinned application');
INSERT INTO auth_permission VALUES(104,26,'view_pinnedapplication','Can view pinned application');
CREATE TABLE IF NOT EXISTS "auth_group" ("id" SERIAL NOT NULL PRIMARY KEY, "name" varchar(150) NOT NULL UNIQUE);
CREATE TABLE IF NOT EXISTS "auth_user" ("id" SERIAL NOT NULL PRIMARY KEY, "password" varchar(128) NOT NULL, "last_login" datetime NULL, "is_superuser" bool NOT NULL, "username" varchar(150) NOT NULL UNIQUE, "last_name" varchar(150) NOT NULL, "email" varchar(254) NOT NULL, "is_staff" bool NOT NULL, "is_active" bool NOT NULL, "date_joined" datetime NOT NULL, "first_name" varchar(150) NOT NULL);
INSERT INTO auth_user VALUES(1,'pbkdf2_sha256$600000$GySQKAsYratvVmxmV9Jt8G$b/7Wm0AtHVVUzhzQWWBL9aEYqwqzGrujTW+ML5fFj0M=','2023-10-09 02:52:26.687317',1,'ADMIN-AUTO','','nonsoosadebe202@gmail.com',1,1,'2023-05-24 06:49:20','');
INSERT INTO auth_user VALUES(2,'pbkdf2_sha256$600000$ZTzabHtJF53jnueTMvzOTX$rZSvZwZbIZTyBDn9xvzIbok+MQve3/C/+QEORlmXHFU=','2023-07-06 19:59:42.116896',0,'Nonso','','nonso20@mail.com',0,1,'2023-05-24 13:29:31','');
INSERT INTO auth_user VALUES(3,'pbkdf2_sha256$600000$tMQmtXYc4ESG5itbEf8P88$71YEtKs5iLm9cBP3XXZkwkbotrf8czyoeWLBguyr6Bc=','2023-05-25 15:08:38.905959',0,'David','','',0,1,'2023-05-25 15:08:38.143933','');
INSERT INTO auth_user VALUES(8,'pbkdf2_sha256$600000$7wN6DkG6yXo1dLZuoewdtU$QTSFI/tX0Chb23Xeyr7+2FJOYi/Vz9ybVYFoZDbnuxI=','2023-05-30 03:02:53.509102',0,'popo','','osadebenonso@outlook.com',0,1,'2023-05-30 02:48:04.518300','');
INSERT INTO auth_user VALUES(11,'pbkdf2_sha256$600000$lIiTYKexbnvGta4aFTLSpW$JAuM/iaAr8xxn6dilpyJHsEfXZpx2fYs4uP6GL+oY98=','2023-06-09 17:15:25',0,'AUTO32','Osadebe','davlou202@gmail.com',0,1,'2023-06-01 14:58:12','Nonso');
INSERT INTO auth_user VALUES(12,'pbkdf2_sha256$600000$1geSRdaBr1wjQn0ujyC302$DkUmPq5ohcWsKuTohAhpLFUnkgI8SrxVCnlMwqVm0DQ=','2023-09-04 16:14:35.962082',0,'ADMIN-AUT','Osadebe','okolomarvel@gmail.com',0,1,'2023-06-15 16:20:06.584499','Nonso');
INSERT INTO auth_user VALUES(21,'pbkdf2_sha256$600000$fdbngDzEDRP51i6qUyYgcs$H4bZhC+K0L2Lb92UqXx8gw8mJO8keGY6oID8cGwJAYQ=','2023-10-09 06:14:43.655523',0,'IZUCHUKWU','Izu','naijaket32@gmail.com',0,1,'2023-10-09 06:14:42.685341','Izu');
CREATE TABLE IF NOT EXISTS "django_session" ("session_key" varchar(40) NOT NULL PRIMARY KEY, "session_data" text NOT NULL, "expire_date" datetime NOT NULL);
INSERT INTO django_session VALUES('x97i1jtxom43wj9y6q2ega46kqlib34k','.eJxVjDsOwjAQBe_iGllZf2NKes5grXdtHECOFCcV4u4QKQW0b2beS0Tc1hq3npc4sTgLEKffLSE9ctsB37HdZklzW5cpyV2RB-3yOnN-Xg7376Bir986Ke_RWKsHoxACuIAcFLBCT9plz56UsmTKmDQ4D9oNRbMpBtCQpVG8P7uMNwY:1q2Doj:Jp4TuC2XK1l76i9sE2irhNI-IDdi4EUj2yn1rsd8N9Q','2023-06-08 16:27:57.911286');
INSERT INTO django_session VALUES('slvhojr4j36bt77d9ca4dbul5lo361q5','.eJxVjDsOgzAQBe_iOrJYf4Eyfc5grXftmCQCyUCFuHtAokjaN_NmEwHXpYR1TjUMLHoB4va7RaR3Gk_ALxyfk6RpXOoQ5anIi87yMXH63C_3L1BwLsc7Ku_RWKsboxA6cB1yp4AVetIuefaklCWT26jBedCuyZpNNoCGLLVHlLAuot_2_QvwkjpS:1q2rnV:iGfy6vO-Sn9Ax3o-bSJROYG3Sx9FWc064XmET1_kGVI','2023-05-28 11:09:21.562239');
INSERT INTO django_session VALUES('njuj260vr02er6tb5hig7z8vbmu7tuk4','.eJxVjr0OgzAQg9_lZhSRyx8wdu8zoMslFNoqqBCGCvHuhYqhXTzYny2v0NKS-3aZ49QOARqQUPx6nvgR0xGEO6XbKHhMeRq8OBBxprO4jiE-Lyf7N9DT3O9tj86RNkaVGknW0tYUapQBybGy0QXHiIZ1V3klrZPKlp0KutOSNBuu9lGmKUOzAh7yWijlIb-h0QV8jyNs2_YBfKNCGA:1q2scB:bfecZrdufztX0OWdU_BxTDqvQ4XZ7bYt7lcyMh_VCYU','2023-05-28 12:01:43.964221');
INSERT INTO django_session VALUES('iru90s6i6r0swzreg9ptzdn4w18spbw1','.eJxVjDsOgzAQRO-yNbLwHyjT5wxovWsCSWQUMEWEuHsgoqGZ4r2ZWYFwytCs4I74LJjykL_Q6AIGhmbHWwH26tTpLGy7bHHJfbvMcWr_VMKFBaRXTIfgJ6bHKGhMeRqCOCritLO4jxzft7N7Oehx7vd1UN6jsVaXRqGspauRayVZoSftomdPSlkyXRW0dF5qV3aaTWckGrJUwfYDBd1KFQ:1q2wlK:wdpqjPzCWl0Jz0FiKogWXxRwZwH4ulVuWXnqA9U-Phc','2023-05-28 16:27:26.520063');
INSERT INTO django_session VALUES('qd8z60ww15ptbe2mgkkd71vwl2r3tpa7','.eJxVjr0OgyAUhd_lzoaAYAHH7n0Gc7lAtW0wKg6N8d2LjUO7nOE7PzkbdLjmvluXMHeDhxYMVL_MIT1DOgz_wHQfGY0pz4NjR4Sd7sJuow-v65n9G-hx6UtbW0LlOYVAota8sVoEIy-ojHEhSuusJS6FklE75Y2pJcoomsgLJRlVGSWcM7QbCH7otGLKQ35DW1fwfV74vu8fQEtDHA:1q3vYd:Bcn_swbbDOjEmZ67UOqkHyn97_mRqekr1qh8H1g_7T0','2023-05-31 09:22:23.222669');
INSERT INTO django_session VALUES('a2g4465hzba532uprykr80oohbj5poeo','.eJxVjDsOgzAQBe-ydWSx_gJles6A1rt2TBKBxKdC3D1BoqF9M_N2YJpXaPfjAT1ta-m3Jc39INACwm2LxJ80nkDeNL4mxdO4zkNUp6IuuqhukvR9Xu7toNBS_nXUIZB1zlRWEzboG5JGo2gKbHwKElhrxzbX0aAPaHyVjdhskSw7ruH4AQLfOlI:1q4eY6:f2KB8RJAHvWAnnp3VgKgEkVj-IswiyYBoiIGgz7dCTQ','2023-06-02 09:24:50.570393');
INSERT INTO django_session VALUES('4qlbzews8p7k5fv6f8bxwixrx9aygbmm','eyJjYXJ0Ijp7fX0:1q4im1:IIprIeVVMTrZsIJ7bhP9JwnzGTkyKts75YJr30R2k80','2023-06-02 13:55:29.513630');
INSERT INTO django_session VALUES('5q77mui3idqvz586jwydwj16mo4vhj3e','eyJjYXJ0Ijp7fX0:1q4jau:7R6_OMi9hR0ryD08VD26piLl_WqyZsnJw-ThMKIjhsQ','2023-06-02 14:48:04.308102');
INSERT INTO django_session VALUES('r9k0421ifjkjbilbcvhuu9h8t43qfoog','.eJxVjDsOgzAQBe-ydWSx_gJles6A1rt2TBKBxKdC3D1BoqF9M_N2YJpXaPfjAT1ta-m3Jc39INACwm2LxJ80nkDeNL4mxdO4zkNUp6IuuqhukvR9Xu7toNBS_nXUIZB1zlRWEzboG5JGo2gKbHwKElhrxzbX0aAPaHyVjdhskSw7ruH4AQLfOlI:1q551r:7lrJhUdJx66FTxO9BQ_n8c3qVpnye-P2R4wYVKOIuWU','2023-06-03 13:41:19.236560');
INSERT INTO django_session VALUES('efhb6b12450whkitvg5ixegccwvg3f9m','.eJxVjDsOgzAQBe-ydWSx_gJles6A1rt2TBKBxKdC3D1BoqF9M_N2YJpXaPfjAT1ta-m3Jc39INACwm2LxJ80nkDeNL4mxdO4zkNUp6IuuqhukvR9Xu7toNBS_nXUIZB1zlRWEzboG5JGo2gKbHwKElhrxzbX0aAPaHyVjdhskSw7ruH4AQLfOlI:1q56QW:fBGN0hKR8DdtMUY_yGnLeNTzgifXIF4WDhaVcgRql70','2023-06-03 15:10:52.118248');
INSERT INTO django_session VALUES('ojsa12j2qvgcuowtcrotgh4578u1su2n','.eJxVjDsOgzAQBe-ydWSx_gJles6A1rt2TBKBxKdC3D1BoqF9M_N2YJpXaPfjAT1ta-m3Jc39INACwm2LxJ80nkDeNL4mxdO4zkNUp6IuuqhukvR9Xu7toNBS_nXUIZB1zlRWEzboG5JGo2gKbHwKElhrxzbX0aAPaHyVjdhskSw7ruH4AQLfOlI:1q59VW:EPuVhAV4VYH-pEeWZw9evNRnsQ44uKulxkO13JLBMOc','2023-06-03 18:28:14.707028');
INSERT INTO django_session VALUES('smwfu343juq1rypy3vazhty0r1o4h628','.eJxVjDsOgzAQBe-ydWSx_gJles6A1rt2TBKBxKdC3D1BoqF9M_N2YJpXaPfjAT1ta-m3Jc39INACwm2LxJ80nkDeNL4mxdO4zkNUp6IuuqhukvR9Xu7toNBS_nXUIZB1zlRWEzboG5JGo2gKbHwKElhrxzbX0aAPaHyVjdhskSw7ruH4AQLfOlI:1q5knW:b-gA11skDpRRN-pXcaI_hfAy0pVYXoL5DjTP-4Y-paE','2023-06-05 10:17:18.230020');
INSERT INTO django_session VALUES('mywbtsb6qyx550oy8jx6czjkui2iue23','.eJxVjDsOgzAQBe-ydWT5iw1les5g7XpNIIlAsqFC3D1BoqF7ejOaHRKWFbr9eEDEbR3jVnOJE0MHSsHtJEyfPJ-E3zi_FpGWeS0TiVMRF62iXzh_n5d7C4xYx7NrZNBBZtMOGCSRtVmxUoNtlHbaePQyOXaapA8p_xc3rnWeydlkkDwcPypwOrE:1q5ksH:f_vVs6QbAcnFiN1pLm-3sdTnHNVTJrApXH-T_xYgW1k','2023-06-05 10:22:13.700884');
INSERT INTO django_session VALUES('hel86vwid3zbd3bs3nb2toxvstj1hcjl','.eJxVjDsOgzAQBe-ydWSx_gJles6A1rt2TBKBxKdC3D1BoqF9M_N2YJpXaPfjAT1ta-m3Jc39INACwm2LxJ80nkDeNL4mxdO4zkNUp6IuuqhukvR9Xu7toNBS_nXUIZB1zlRWEzboG5JGo2gKbHwKElhrxzbX0aAPaHyVjdhskSw7ruH4AQLfOlI:1q6AkK:NJvfT64a72Gtmyd6tuIxKhT4qV5bYFdfj-qECUBbz2o','2023-06-06 13:59:44.661337');
INSERT INTO django_session VALUES('yyd1e849651xm992xljo9xqwp94vscpn','.eJxVjDsOgzAQBe-ydWT5iw1les5g7XpNIIlAsqFC3D1BoqF7ejOaHRKWFbr9eEDEbR3jVnOJE0MHSsHtJEyfPJ-E3zi_FpGWeS0TiVMRF62iXzh_n5d7C4xYx7NrZNBBZtMOGCSRtVmxUoNtlHbaePQyOXaapA8p_xc3rnWeydlkkDwcPypwOrE:1q6bJD:AtE_DHpaKKrJWjY7FLqwfJzuehG13lb8F3xt5sD4kj4','2023-06-07 18:21:31.838860');
INSERT INTO django_session VALUES('v7diw1qx1kd13f5ttkodzbgnfzrgfnk3','eyJjYXJ0Ijp7fX0:1q6Ei7:fxmtPwObADq36d0MAwvxe9Dh_nT5rBlsTu3Nr1p5EO0','2023-06-06 18:13:43.992748');
INSERT INTO django_session VALUES('m1bcz03648ic4d1zqto5q5tqbngehyrx','eyJjYXJ0Ijp7fX0:1q6JsH:73BNjYGXdcmFUE-FbhnozeXLDQy0HOW9jfzdeLGpF5I','2023-06-06 23:44:33.580933');
INSERT INTO django_session VALUES('cngroq11v8t9pfgp2tfpz1k4ux9t21kr','.eJxVjDsOgzAQBe_iOrJYf4Eyfc5grXftmCQCyUCFuHtAokjaN_NmEwHXpYR1TjUMLHoB4va7RaR3Gk_ALxyfk6RpXOoQ5anIi87yMXH63C_3L1BwLsc7Ku_RWKsboxA6cB1yp4AVetIuefaklCWT26jBedCuyZpNNoCGLLVHlLAuot_2_QvwkjpS:1q6bKH:7SHG34ct_h6VHdIg3uHzfDBsF4HJ4IT7UeMKnM_Kcc4','2023-06-07 18:22:37.108416');
INSERT INTO django_session VALUES('qqxlzx3owfum04h5khsogig40r3am52r','.eJxVjDsOgzAQBe-ydWT5iw1les5g7XpNIIlAsqFC3D1BoqF7ejOaHRKWFbr9eEDEbR3jVnOJE0MHSsHtJEyfPJ-E3zi_FpGWeS0TiVMRF62iXzh_n5d7C4xYx7NrZNBBZtMOGCSRtVmxUoNtlHbaePQyOXaapA8p_xc3rnWeydlkkDwcPypwOrE:1q78Tn:BGrLYKBP1S0bNzGd-wePHEmRmiqUMroqmzQE-qtQlZ0','2023-06-09 05:46:39.001856');
INSERT INTO django_session VALUES('uh4p9ti80fo1ht6qbpk0nuzlw3bma35g','.eJxVjDsOgzAQBe-ydWSx_gJles6A1rt2TBKBxKdC3D1BoqF9M_N2YJpXaPfjAT1ta-m3Jc39INACwm2LxJ80nkDeNL4mxdO4zkNUp6IuuqhukvR9Xu7toNBS_nXUIZB1zlRWEzboG5JGo2gKbHwKElhrxzbX0aAPaHyVjdhskSw7ruH4AQLfOlI:1q7fhM:B4m6K2iR-48QNt0ac3DnOwwppBvUBQSZQ1G1vcg5F_g','2023-06-10 17:14:52.863604');
INSERT INTO django_session VALUES('um8cjb3xybyr8n52fjf0lqfnnwkb9h05','.eJxVjDsOgzAQBe-ydWT5iw1les5g7XpNIIlAsqFC3D1BoqF7ejOaHRKWFbr9eEDEbR3jVnOJE0MHSsHtJEyfPJ-E3zi_FpGWeS0TiVMRF62iXzh_n5d7C4xYx7NrZNBBZtMOGCSRtVmxUoNtlHbaePQyOXaapA8p_xc3rnWeydlkkDwcPypwOrE:1q7fws:y_hm_BikXMB9xHc8HsDksFrOu3zbs3IAbxNzOPmzS3I','2023-06-10 17:30:54.327586');
INSERT INTO django_session VALUES('2bqbgb0u377ulpfortx0vqvafrxzgjoe','.eJxVjDEOgzAQBP9ydWTZYGxDmT5vQHfncyCJsIShQvw9INHQrXZmdwPGeYFu2x_Q47oM_Vpk7scIHRi4dYT8lekE8YPTOyvO0zKPpE5FXbSoV47ye17u7WDAMhxr1BWnpFuikI5EUbQ2rNG7yhtL0rgUSCxya5I1ZGKsxDWp9UHXXJOH_Q9Wgjv9:1q8nvg:m-EqAK6tekJbmu4NvRxKkeZLTXH2bQivq3h5YWFU9xM','2023-06-13 20:14:20.616957');
INSERT INTO django_session VALUES('99sdx3py6s11uzvhu22q3pebe6jz9bew','.eJxVjDEOgzAQBP9ydWTZYGxDmT5vQHfncyCJsIShQvw9INHQrXZmdwPGeYFu2x_Q47oM_Vpk7scIHRi4dYT8lekE8YPTOyvO0zKPpE5FXbSoV47ye17u7WDAMhxr1BWnpFuikI5EUbQ2rNG7yhtL0rgUSCxya5I1ZGKsxDWp9UHXXJOH_Q9Wgjv9:1q98eJ:-cbY5_7GRyQjU6FDFKPaoM_tmsyFEU6jDb8e6onLGRc','2023-06-14 18:21:47.631616');
INSERT INTO django_session VALUES('fe1proqoo8y8uigb44j3ynoio2wu8z7v','.eJxVjDEOgzAQBP9ydWTZYGxDmT5vQHfncyCJsIShQvw9INHQrXZmdwPGeYFu2x_Q47oM_Vpk7scIHRi4dYT8lekE8YPTOyvO0zKPpE5FXbSoV47ye17u7WDAMhxr1BWnpFuikI5EUbQ2rNG7yhtL0rgUSCxya5I1ZGKsxDWp9UHXXJOH_Q9Wgjv9:1q98Iw:M6Yx86bDljDJCBydw1eZlw_A4m1CLa9CfgHZ0n9rtiU','2023-06-14 17:59:42.289723');
INSERT INTO django_session VALUES('aog31fx1w2lmfpxxx0q6fk45v0z13qw0','.eJxVjDEOgzAQBP9ydWTZYGxDmT5vQHfncyCJsIShQvw9INHQrXZmdwPGeYFu2x_Q47oM_Vpk7scIHRi4dYT8lekE8YPTOyvO0zKPpE5FXbSoV47ye17u7WDAMhxr1BWnpFuikI5EUbQ2rNG7yhtL0rgUSCxya5I1ZGKsxDWp9UHXXJOH_Q9Wgjv9:1q98qX:DQIaNMH95PtVCeYdTfifteQiGyXBZelUexzDngoIcm0','2023-06-14 18:34:25.600411');
INSERT INTO django_session VALUES('bp24l8pn1d7kculgq354mrb6r0rz7oo1','.eJxVjDEOgzAQBP9ydWTZYGxDmT5vQHfncyCJsIShQvw9INHQrXZmdwPGeYFu2x_Q47oM_Vpk7scIHRi4dYT8lekE8YPTOyvO0zKPpE5FXbSoV47ye17u7WDAMhxr1BWnpFuikI5EUbQ2rNG7yhtL0rgUSCxya5I1ZGKsxDWp9UHXXJOH_Q9Wgjv9:1q98g7:LoYO9X3aYYdq3FHWfSRNw_efsgfEY7iEMMNY60T3jJM','2023-06-14 18:23:39.469461');
INSERT INTO django_session VALUES('ht6y3q91nqomzb11358dokvbd5aawl9n','.eJxVjDEOgzAQBP9ydWTZYGxDmT5vQHfncyCJsIShQvw9INHQrXZmdwPGeYFu2x_Q47oM_Vpk7scIHRi4dYT8lekE8YPTOyvO0zKPpE5FXbSoV47ye17u7WDAMhxr1BWnpFuikI5EUbQ2rNG7yhtL0rgUSCxya5I1ZGKsxDWp9UHXXJOH_Q9Wgjv9:1qVFvF:fdbd12hP4riipIQrn1QLMEyerz-Dt52DPZL2M9-7wfE','2023-08-14 18:34:41.964435');
INSERT INTO django_session VALUES('nviul81dmj3lyz3p3xt5osglv4j1l08p','.eJxVjDEOgzAQBP9ydWTZYGxDmT5vQHfncyCJsIShQvw9INHQrXZmdwPGeYFu2x_Q47oM_Vpk7scIHRi4dYT8lekE8YPTOyvO0zKPpE5FXbSoV47ye17u7WDAMhxr1BWnpFuikI5EUbQ2rNG7yhtL0rgUSCxya5I1ZGKsxDWp9UHXXJOH_Q9Wgjv9:1q98xu:BpmvKvHiiV2OAnyNN0QQnlL7niUYWEJr5VNFjV7lj5M','2023-06-14 18:42:02.185180');
INSERT INTO django_session VALUES('cmheddcrhdj6jk5b3xu8l2nw7qvcxxmo','.eJxVjDEOgzAQBP9ydWTZYGxDmT5vQHfncyCJsIShQvw9INHQrXZmdwPGeYFu2x_Q47oM_Vpk7scIHRi4dYT8lekE8YPTOyvO0zKPpE5FXbSoV47ye17u7WDAMhxr1BWnpFuikI5EUbQ2rNG7yhtL0rgUSCxya5I1ZGKsxDWp9UHXXJOH_Q9Wgjv9:1qK1Gi:VMCgPuWXXwup4ebjAYXeTFWGknyAaHuHBxflI45scUc','2023-07-14 18:42:24.485499');
INSERT INTO django_session VALUES('sdxg5zdmjx1trmb8cau98d02i0mepfgr','.eJxVjDEOgzAQBP9ydWTZYGxDmT5vQHfncyCJsIShQvw9INHQrXZmdwPGeYFu2x_Q47oM_Vpk7scIHRi4dYT8lekE8YPTOyvO0zKPpE5FXbSoV47ye17u7WDAMhxr1BWnpFuikI5EUbQ2rNG7yhtL0rgUSCxya5I1ZGKsxDWp9UHXXJOH_Q9Wgjv9:1qKNkc:IbIMomIVn_e3ReptErTNv-tM73z3m0fim2YBrILrFco','2023-07-15 18:42:46.816031');
INSERT INTO django_session VALUES('mo1pr8q837meo98imhe7zaaq9m7vd8wp','.eJxVjDEOgzAQBP9ydWTZYGxDmT5vQHfncyCJsIShQvw9INHQrXZmdwPGeYFu2x_Q47oM_Vpk7scIHRi4dYT8lekE8YPTOyvO0zKPpE5FXbSoV47ye17u7WDAMhxr1BWnpFuikI5EUbQ2rNG7yhtL0rgUSCxya5I1ZGKsxDWp9UHXXJOH_Q9Wgjv9:1qKNqT:QzuQoGul31JU2PhvHUhVs7hs_iBlNcAE6ib3rMh-uaY','2023-07-15 18:48:49.590238');
INSERT INTO django_session VALUES('b9xsch8ko8pgt4fcew95bduplrskkvv8','.eJxVjDEOgzAQBP9ydWTZYGxDmT5vQHfncyCJsIShQvw9INHQrXZmdwPGeYFu2x_Q47oM_Vpk7scIHRi4dYT8lekE8YPTOyvO0zKPpE5FXbSoV47ye17u7WDAMhxr1BWnpFuikI5EUbQ2rNG7yhtL0rgUSCxya5I1ZGKsxDWp9UHXXJOH_Q9Wgjv9:1q9Jv0:1ZFooke2NOyrj9gk-gi5UI68cpbe1bsKCZrD7RtcTAw','2023-06-15 06:23:46.358790');
INSERT INTO django_session VALUES('20hryw1e9jmk1ogyz9xigtz1leutbzfr','.eJxVjDEOgzAQBP9ydWTZYGxDmT5vQHfncyCJsIShQvw9INHQrXZmdwPGeYFu2x_Q47oM_Vpk7scIHRi4dYT8lekE8YPTOyvO0zKPpE5FXbSoV47ye17u7WDAMhxr1BWnpFuikI5EUbQ2rNG7yhtL0rgUSCxya5I1ZGKsxDWp9UHXXJOH_Q9Wgjv9:1q9K5l:2FPewvnmNd1bCxkyrINNYUunczBOaSePos3xrpdKrzA','2023-06-15 06:34:53.218791');
INSERT INTO django_session VALUES('qrbp6yqsmrcbe7ud6h76ds930fmp1jbf','eyJjYXJ0Ijp7fX0:1q9qwh:1c63hlaLL8bgk6Aj6yD4ziPRfBO60z5Ww0xrKVP7ZF8','2023-06-16 17:39:43.547844');
INSERT INTO django_session VALUES('4o96ehki6kftq6afqhcwkmv6j3grwmsa','eyJjYXJ0Ijp7fX0:1q9qxM:-hsL2extYp7WqyPrvrxJcPb9s0TWzv8BbfYlOz7Pbw4','2023-06-16 17:40:24.569001');
INSERT INTO django_session VALUES('nl0b604nvdm9vqt83r23j00q2pu35f7h','eyJjYXJ0Ijp7fX0:1q9qzb:2P7en5fVdrgmbZZuy0HjX33NKZiQMUFCHuUkNlYxWUo','2023-06-16 17:42:43.609503');
INSERT INTO django_session VALUES('irvhttwp75svsz913vv6al15xedy0i0w','eyJjYXJ0Ijp7fX0:1q9r6x:qVL97jZEI8Wpj5VA07FbqC_4pAyGNYKEnJwxtW57Bl0','2023-06-16 17:50:19.242545');
INSERT INTO django_session VALUES('m1c044pho3uq9bn7vszd9k8v6wqgtx95','eyJjYXJ0Ijp7fX0:1q9rA8:Dg-eufLjQLjy-OorzIwgHTSjjDcdfUKBfDYef7PJVBk','2023-06-16 17:53:36.916501');
INSERT INTO django_session VALUES('b3gobla337r225qo9yqt3sr787merx2h','eyJjYXJ0Ijp7fX0:1q9rEQ:2k6Xhk-03m0laua_Fekm9r_fQ8E0vefVgho0McaeCvE','2023-06-16 17:58:02.482845');
INSERT INTO django_session VALUES('hcdnb8gcu0uvgmklla0wsf4ikvi1em98','eyJjYXJ0Ijp7fX0:1q9rEv:i-wRenjxOMEL9Tw7ARJsp_j3bFXHbs5LewF9XXUnUM8','2023-06-16 17:58:33.666527');
INSERT INTO django_session VALUES('nqqympsfesqsv78kag12odqr9wwh6f1g','.eJxVjEEOgyAQRe8y64bAgDB12b1nMANDi22jiejKePfWxI3b_977GySeF2i3_QY9r0vp15rnfhBowSBcxsjpk8eDyJvH16TSNC7zENWhqJNW1U2Sv4_TvRwUruVfkzAa0tF6poA6sCcOKFa0F6-NtyGgayI1Wce7GHJPJ2IxirUe2RHsPyqoOlY:1qAAIy:LaHAj28LXEIxFOgahGRdx6En9sOJ6CzMBOq1wVVscd8','2023-06-17 14:20:00.841327');
INSERT INTO django_session VALUES('k7vozisku9r1o8qtbcy720dqontg0smh','.eJxVjDEOgzAQBP9ydWTZYGxDmT5vQHfncyCJsIShQvw9INHQrXZmdwPGeYFu2x_Q47oM_Vpk7scIHRi4dYT8lekE8YPTOyvO0zKPpE5FXbSoV47ye17u7WDAMhxr1BWnpFuikI5EUbQ2rNG7yhtL0rgUSCxya5I1ZGKsxDWp9UHXXJOH_Q9Wgjv9:1qA9nz:QnDEdRO7y4447jjmU98PV1aXrwgpp30cYpV9Lo_2Q24','2023-06-17 13:47:59.359123');
INSERT INTO django_session VALUES('7iglevpjsmwx3fz2tfxu9ime41k6m7uy','.eJxVjDsOgzAQBe-ydWTF2HyWMn3OgNb7CSQRSBgqxN0TJBraNzNvA6Z5gXbbb9DRuvTdmnXuBoEWCrhsifij4wHkTeNrcjyNyzwkdyjupNk9J9Hv43QvBz3l_l8H0yqYWRIKdMeoXkqWyA0y1k0oqyjSFExm3rx6RKkVJWFMAdWYYP8BYIA8wQ:1qAEuy:sq4YNCg7V01iRUQqPZ4Z2HkAm3qRf6h8-yaV_Fa1tbM','2023-06-17 19:15:32.922738');
INSERT INTO django_session VALUES('be4pq7vltsohc98m3x51p9m0d2q8jb4q','eyJjYXJ0Ijp7fSwiX3Bhc3N3b3JkX3Jlc2V0X3Rva2VuIjoiYnExOHU5LWE5MmVhZTdjYWQ2ODNmNWJhNTU5M2E4NTMzZTBkOWM1In0:1qB9Jg:4emtvZaqmBYQkoULw4kM3Rql3NerQ6l9kTSd5t8YPco','2023-06-20 07:28:48.018505');
INSERT INTO django_session VALUES('5wb5d3gbnabf816eypapll7p5s1zs9nw','.eJxVjbFuwzAMRP9Fc2tQsi1TGbv3GwSSouq0hZVICjoE-ffaQJas9-7e3Y1Q7eZ0f7yZSLe-xlvTGs_JnIw1LxmT_Oh2gPRN21cZpGy9nnk4KsOTtuGzJP39eHZfBCu1dV_PdiEJk1e2EMA7mwl5YkjBIyYYw6weZHSYsoPAWQHFg4p1DOOoeEgv1NpfqSlWbdpjL_vbruar5cv13QkGL5NfcCJhmSW7vGu9dw7Dsoh5_AMkJE9o:1qBAIJ:B4ExfGnrfx4W2Ym3JWFS8YRxhsVHDi4VLF_UD4APxCo','2023-06-20 08:31:27.107250');
INSERT INTO django_session VALUES('8nipim4v18qvt3452l6wzd4fcyfc1s2k','eyJjYXJ0Ijp7fX0:1qBAGs:oOQLWy2vg7hlOEsre1xqwkfx0k66s75kyIePqZ42Sqg','2023-06-20 08:29:58.324132');
INSERT INTO django_session VALUES('147hwm6xkogbmye2h64qetqctebt7p6j','.eJxVjDsOgzAQBe-ydWTF2HyWMn3OgNb7CSQRSBgqxN0TJBraNzNvA6Z5gXbbb9DRuvTdmnXuBoEWCrhsifij4wHkTeNrcjyNyzwkdyjupNk9J9Hv43QvBz3l_l8H0yqYWRIKdMeoXkqWyA0y1k0oqyjSFExm3rx6RKkVJWFMAdWYYP8BYIA8wQ:1qDUrS:HygI3tUVhE0CMOEXZwWAqwaJ_iQSNWpNeJ1pqpqmlKM','2023-06-26 18:53:22.147351');
INSERT INTO django_session VALUES('n1s6f8bloexodje2bfdhundxnn7twv8f','.eJxVjDEOgzAMRe_iuYqcBNKEsXvPgGzHFNoKJAIT4u4tEgvrf-_9DYTmBZptv0FL69K3a9G5HTI0YOGyMclHxwPkN42vycg0LvPA5lDMSYt5Tlm_j9O9HPRU-n9d2ztJqoKyxYTB2Y4iV4w5hRgz-lRrQPEu5s5h4k4xSkAV6xi91wj7DxRGOrQ:1qDUw9:EQIadeSHQRrjmFAwM6aZJ3cC7PK_3fap0eTWOzZT43g','2023-06-26 18:58:13.742805');
INSERT INTO django_session VALUES('dgbgf1e6q6o3u3v00btv1jv81lbs0ato','.eJxVjDEOgzAMRe_iuYqcBNKEsXvPgGzHFNoKJAIT4u4tEgvrf-_9DYTmBZptv0FL69K3a9G5HTI0YOGyMclHxwPkN42vycg0LvPA5lDMSYt5Tlm_j9O9HPRU-n9d2ztJqoKyxYTB2Y4iV4w5hRgz-lRrQPEu5s5h4k4xSkAV6xi91wj7DxRGOrQ:1qEURk:Ev25OcfZWhEClE0udJl6o3KcjmffQSFoXypFYiJqhk4','2023-06-29 12:38:56.294160');
INSERT INTO django_session VALUES('9h8gu9lw0aypypwsqtynp1dkoail13ng','.eJxVjDsOgzAQBe-ydWTF2HyWMn3OgNb7CSQRSBgqxN0TJBraNzNvA6Z5gXbbb9DRuvTdmnXuBoEWCrhsifij4wHkTeNrcjyNyzwkdyjupNk9J9Hv43QvBz3l_l8H0yqYWRIKdMeoXkqWyA0y1k0oqyjSFExm3rx6RKkVJWFMAdWYYP8BYIA8wQ:1qES7c:x8J1PSFiLWm9z6ZkKZuMpEFqh-kgZuM_Q_uFqb8-Bns','2023-06-29 10:10:00.830651');
INSERT INTO django_session VALUES('cfl38g4le2wz6wz6lk02snngpyh77dgp','.eJxVjDEOgzAMRe_iuYqcBNKEsXvPgGzHFNoKJAIT4u4tEgvrf-_9DYTmBZptv0FL69K3a9G5HTI0YOGyMclHxwPkN42vycg0LvPA5lDMSYt5Tlm_j9O9HPRU-n9d2ztJqoKyxYTB2Y4iV4w5hRgz-lRrQPEu5s5h4k4xSkAV6xi91wj7DxRGOrQ:1qEVRm:CkdiipozKfu6BLvWSVBML_Fii5ZoUBeekcySMziS660','2023-06-29 13:43:02.985306');
INSERT INTO django_session VALUES('skg5a6t8cx4djnfvn0nhof2ki90fhmsm','.eJxVjDEOgzAMRe_iuYqcBNKEsXvPgGzHFNoKJAIT4u4tEgvrf-_9DYTmBZptv0FL69K3a9G5HTI0YOGyMclHxwPkN42vycg0LvPA5lDMSYt5Tlm_j9O9HPRU-n9d2ztJqoKyxYTB2Y4iV4w5hRgz-lRrQPEu5s5h4k4xSkAV6xi91wj7DxRGOrQ:1qGToA:HwB-OXhij6xDetjmFf61BQX1_0hoy36Gx5xwefDTAzA','2023-07-05 00:22:18.195680');
INSERT INTO django_session VALUES('8p4ulhl9cbdwazs5iebkkgvqwkqbooij','.eJxVjDEOgzAMRe_iuYqcBNKEsXvPgGzHFNoKJAIT4u4tEgvrf-_9DYTmBZptv0FL69K3a9G5HTI0YOGyMclHxwPkN42vycg0LvPA5lDMSYt5Tlm_j9O9HPRU-n9d2ztJqoKyxYTB2Y4iV4w5hRgz-lRrQPEu5s5h4k4xSkAV6xi91wj7DxRGOrQ:1qGogg:ialibi9Z94pgNHruAsuP34ACHjXO-D0-X9MhgZxJbbI','2023-07-05 22:39:58.298847');
INSERT INTO django_session VALUES('sg0u0npbu0vjz6malq8pa0a4hzukcr41','.eJxVjDEOgzAQBP_iOrLONjg2ZXregO7O50ASgWSgQvw9IFEk7c7sbKrDdem7dZbSDUk1yqjb70bIbxlPkF44PifN07iUgfSp6IvOup2SfB6X-xfoce6Pd23uyLHyQgYieGsyBqoIUvQhJHCxFg_sbEjZQqQsENiDsLEEzkk4ooxlUc22718F3Dq0:1qHpLH:3KHn608w9K1RvyEPeyLjBYxr1RxYHITBdzrFmuJFs1Y','2023-07-08 17:34:03.222362');
INSERT INTO django_session VALUES('3ohve6csfhsl1dgyq7fxpmlv6h8188ty','.eJxVjDEOgzAMRe_iuYqcBNKEsXvPgGzHFNoKJAIT4u4tEgvrf-_9DYTmBZptv0FL69K3a9G5HTI0YOGyMclHxwPkN42vycg0LvPA5lDMSYt5Tlm_j9O9HPRU-n9d2ztJqoKyxYTB2Y4iV4w5hRgz-lRrQPEu5s5h4k4xSkAV6xi91wj7DxRGOrQ:1qIZNS:L4CoSW_zQEogByyE7OD3Xafa0jDu--47nezouuC-F8E','2023-07-10 18:43:22.424012');
INSERT INTO django_session VALUES('h7m45paf6a1lnxz5tqyawt6g142pacmr','.eJxVjDEOgzAMRe_iuYqcBNKEsXvPgGzHFNoKJAIT4u4tEgvrf-_9DYTmBZptv0FL69K3a9G5HTI0YOGyMclHxwPkN42vycg0LvPA5lDMSYt5Tlm_j9O9HPRU-n9d2ztJqoKyxYTB2Y4iV4w5hRgz-lRrQPEu5s5h4k4xSkAV6xi91wj7DxRGOrQ:1qJ3E4:uV_yXN5d8VETP5MUNUEeNEBcY2tz65fhU7VI-H5Av0w','2023-07-12 02:35:40.463269');
INSERT INTO django_session VALUES('vxkkwzb275yrd507yjyxgi37ruwfm79y','.eJxVjDEOgzAMRe_iuYqcBNKEsXvPgGzHFNoKJAIT4u4tEgvrf-_9DYTmBZptv0FL69K3a9G5HTI0YOGyMclHxwPkN42vycg0LvPA5lDMSYt5Tlm_j9O9HPRU-n9d2ztJqoKyxYTB2Y4iV4w5hRgz-lRrQPEu5s5h4k4xSkAV6xi91wj7DxRGOrQ:1qJhfr:ex_8JLOzczxMFHpdusaqvS6-tmrMK-7Yerr2pFVc_bY','2023-07-13 21:47:03.211893');
INSERT INTO django_session VALUES('ggnv6j79hq19ingl620sl03qbdekpzyw','.eJxVjDEOgzAMRe_iuYqcBNKEsXvPgGzHFNoKJAIT4u4tEgvrf-_9DYTmBZptv0FL69K3a9G5HTI0YOGyMclHxwPkN42vycg0LvPA5lDMSYt5Tlm_j9O9HPRU-n9d2ztJqoKyxYTB2Y4iV4w5hRgz-lRrQPEu5s5h4k4xSkAV6xi91wj7DxRGOrQ:1qOktV:V4IUSmodi9tI_JVDcSuxKVhCUEZlvcdvmWPBAsNkiBY','2023-07-27 20:14:01.841685');
INSERT INTO django_session VALUES('r9tlg79d8aek22shjzw6gkjvc1v60olu','eyJjYXJ0Ijp7fX0:1qPVS3:m1hZmA8nFQV5TFRK7OZmJWF8J-Tdnlfk-M-MsUdiiko','2023-07-29 21:56:47.964169');
INSERT INTO django_session VALUES('1xmxab88fv5utc59ib4stjiyxhbjwjsa','.eJxVjDEOgzAMRe_iuYqcBNKEsXvPgGzHFNoKJAIT4u4tEgvrf-_9DYTmBZptv0FL69K3a9G5HTI0YOGyMclHxwPkN42vycg0LvPA5lDMSYt5Tlm_j9O9HPRU-n9d2ztJqoKyxYTB2Y4iV4w5hRgz-lRrQPEu5s5h4k4xSkAV6xi91wj7DxRGOrQ:1qQuEN:0MoL4DoeMx6y7RtNm3amYLPVEGXJW3AfE0sLscfLoV4','2023-08-02 18:36:27.558074');
INSERT INTO django_session VALUES('vyc2507v274frobim8tu5ludwv5gepwr','.eJxVjDEOgzAMRe_iuYqcBNKEsXvPgGzHFNoKJAIT4u4tEgvrf-_9DYTmBZptv0FL69K3a9G5HTI0YOGyMclHxwPkN42vycg0LvPA5lDMSYt5Tlm_j9O9HPRU-n9d2ztJqoKyxYTB2Y4iV4w5hRgz-lRrQPEu5s5h4k4xSkAV6xi91wj7DxRGOrQ:1qSJRp:t-fGn1oeJM_utVOdPpdIsFQT0L80UE9FIpsvnBSmhYs','2023-08-06 15:44:09.608450');
INSERT INTO django_session VALUES('tpzb3hso97zh9nale2a2qrow5ebxd88z','eyJjYXJ0Ijp7fX0:1qXRsv:3SO2NyA2cteFUfZ9QZON86EgTs8kF0qS8ebvJYMqW74','2023-08-20 19:45:21.652145');
INSERT INTO django_session VALUES('nd9525onbgdhg2fj6b2sn4nlby5gptgo','.eJxVjDEOgzAMRe_iuYqcBNKEsXvPgGzHFNoKJAIT4u4tEgvrf-_9DYTmBZptv0FL69K3a9G5HTI0YOGyMclHxwPkN42vycg0LvPA5lDMSYt5Tlm_j9O9HPRU-n9d2ztJqoKyxYTB2Y4iV4w5hRgz-lRrQPEu5s5h4k4xSkAV6xi91wj7DxRGOrQ:1qZVIk:Y35qyv00WfyyCddDqCRu6NykRCbel8YrCZAfRuRClrk','2023-08-26 11:48:30.362326');
INSERT INTO django_session VALUES('oxyz0tv3ih3jsko97dvpjgch7isfltyz','.eJxVjDEOgzAMRe_iuYqcBNKEsXvPgGzHFNoKJAIT4u4tEgvrf-_9DYTmBZptv0FL69K3a9G5HTI0YOGyMclHxwPkN42vycg0LvPA5lDMSYt5Tlm_j9O9HPRU-n9d2ztJqoKyxYTB2Y4iV4w5hRgz-lRrQPEu5s5h4k4xSkAV6xi91wj7DxRGOrQ:1qbMA8:NHZudZALUs5BROr_heod3lYnZp_D6Rz2gISNzku7YP8','2023-08-31 14:27:16.684082');
INSERT INTO django_session VALUES('4co8ltwsyp6ci2qzxgketwsscq3u5v2s','.eJxVjjsOgzAQRO_iOrLWNjg2ZfqcwVqvl08SQQSmQtw9RqGhmWI-T7MJwjmLZttvIuCa-7AuPIchiUYocfEi0pvHI0gvHLtJ0jTmeYjyqMgzXeRzSvx5nN0LoMelL-ta3ZF8ZTkq8GC1atHFKkLy1rkExtdsgYx2qdXgY8vgyAKT0hGMYVeg_wPhU3TFjgv0m8X-A7g9Qpw:1qcAIo:ZiR2NtU4LjF2k_ti3ZfWKuPTAFDwU6idufy8j4awraw','2023-09-02 19:59:34.849206');
INSERT INTO django_session VALUES('vc1751nvy0fjea0ez6ztujycvxvzufy1','.eJxVjDEOgzAMRe_iuYqcBNKEsXvPgGzHFNoKJAIT4u4tEgvrf-_9DYTmBZptv0FL69K3a9G5HTI0YOGyMclHxwPkN42vycg0LvPA5lDMSYt5Tlm_j9O9HPRU-n9d2ztJqoKyxYTB2Y4iV4w5hRgz-lRrQPEu5s5h4k4xSkAV6xi91wj7DxRGOrQ:1qdCD5:LOGKFTo1q1YLCuHMBEZwrENQ5CR8rtGPIG3RKHI3b9Y','2023-09-05 16:13:55.999936');
INSERT INTO django_session VALUES('spc2mxdvv304cbp9z7hh3plxhaofdmng','.eJxVjEEOgyAQRe8y64bAgDB12b1nMANDi22jiejKePfWxI3b_977GySeF2i3_QY9r0vp15rnfhBowSBcxsjpk8eDyJvH16TSNC7zENWhqJNW1U2Sv4_TvRwUruVfkzAa0tF6poA6sCcOKFa0F6-NtyGgayI1Wce7GHJPJ2IxirUe2RHsPyqoOlY:1qdCDq:SkHcEsauRX3OPlqlWcZ0Lgi9UNVF9iDZpm9MwcKGuQw','2023-09-05 16:14:42.073867');
INSERT INTO django_session VALUES('ql7b2c2hrmgdkslfg4r4dqayrg56286k','.eJxVjDEOgzAMRe_iuYqcBNKEsXvPgGzHFNoKJAIT4u4tEgvrf-_9DYTmBZptv0FL69K3a9G5HTI0YOGyMclHxwPkN42vycg0LvPA5lDMSYt5Tlm_j9O9HPRU-n9d2ztJqoKyxYTB2Y4iV4w5hRgz-lRrQPEu5s5h4k4xSkAV6xi91wj7DxRGOrQ:1qk0e4:goXZa-vJcEgUqDqiEu7cRIL5HD7NH318EdH1fY6YTWE','2023-09-24 11:17:56.987781');
INSERT INTO django_session VALUES('6mv8u4wxe62nl3d1hy2a26glslkl7ser','eyJjYXJ0Ijp7fX0:1qkmUk:IeUDlEOlroxSR2e7KS7956G9rxYRFLT3An9sJsq1xzw','2023-09-26 14:23:30.567033');
INSERT INTO django_session VALUES('23wadltk2xpyzaugbo2nx5n0mwfid4mh','.eJxVjDEOgzAMRe_iuYqcBNKEsXvPgGzHFNoKJAIT4u4tEgvrf-_9DYTmBZptv0FL69K3a9G5HTI0YOGyMclHxwPkN42vycg0LvPA5lDMSYt5Tlm_j9O9HPRU-n9d2ztJqoKyxYTB2Y4iV4w5hRgz-lRrQPEu5s5h4k4xSkAV6xi91wj7DxRGOrQ:1qlUTs:2bUVof6DvhuzVd3xVlrhy2CByXJQT0kJYL2LCGIe1k4','2023-09-28 13:21:32.598321');
INSERT INTO django_session VALUES('aygek596ch3ovxgjv9h3erw7qv8o18l8','.eJxVjDEOgzAMRe_iuYqcBNKEsXvPgGzHFNoKJAIT4u4tEgvrf-_9DYTmBZptv0FL69K3a9G5HTI0YOGyMclHxwPkN42vycg0LvPA5lDMSYt5Tlm_j9O9HPRU-n9d2ztJqoKyxYTB2Y4iV4w5hRgz-lRrQPEu5s5h4k4xSkAV6xi91wj7DxRGOrQ:1qlVvZ:IGelsMOXeSH5poea1i5tBlFPSpHnUszg6LF3j0ALhLE','2023-09-28 14:54:13.637922');
INSERT INTO django_session VALUES('ntebncsn3x926uxiprqx01qly2gkem3i','.eJxVjMsOwiAQRf-FtTYDbQdw6d5vIAxMrY8UA6gL03-3Tbrp9p57zk8En6s4_eaDcC9fyjfl6DIXrq6mB0_iJOijme3R4tBbHbRGzRiBWWlJKI0ypKlTIJaCf9fRvQtnd4uLKfcb-bAUVxDvfrqmJqSp5hs166XZaGkuKfLzvH13gdGXcbF7qX2wHTJJsIBKDt5QRxAtGhOhtT0jhFaZOCiwNDCYgMBBKoK2ZSPmP3vnTvw:1qmHyT:B2LEwpsZSWFLMqRvLldwho49jdyrlZXf3CNK24UrR7M','2023-09-30 18:12:25.447934');
INSERT INTO django_session VALUES('1v802ymg042n8guwhi57oz4rcbko8e64','.eJxVjEFuAyEMRe_Cuh0ZmCEmy-57BmQbk0lbDRWQtlKUu3ciZZPtf_-9qxFqwxyvtxeTvqn339pyatp1pFE_dTNHwz_r-Du9Fm9DkYXJWydOmQ4FKPoZAzpcQjF7gS5jTZeuLZ3zbtrnjUn24h3kD9pOdZK6jXbm6X6ZHrRP7zXr19vj-xRYqa-7vdgDSZyDsoUIwdlCyDNDjgExg4-LBhDvMBcHkYsCSgAV6xi8VzS3f0OhT_k:1qndSt:LWLTJVU1Sjl7yuMzGvwnthOgb4f5IOfS_UUdKlHcM44','2023-10-04 11:21:23.873326');
INSERT INTO django_session VALUES('5hxmwjqmhxtagzuldsvizwzdukah0sgn','eyJjYXJ0Ijp7fX0:1qoqGq:E-0kXLfRD-4Gq4MQfMoH0S-0tE6LFhKx6AcvQNXr8rA','2023-10-07 19:13:56.349431');
INSERT INTO django_session VALUES('23uvmu4hnxoopyu9epeu3bd0ninfht66','eyJjYXJ0Ijp7fX0:1qpdrY:04SH4SCfuBQM3BU4bYM_n8zFeBmKRXEMvxroMr1nDaU','2023-10-10 00:11:08.095238');
INSERT INTO django_session VALUES('nmilgk2on3jb7mbm8uxqok4akshkpy1e','.eJxVjDEOgzAMRe_iuYqcBNKEsXvPgGzHFNoKJAIT4u4tEgvrf-_9DYTmBZptv0FL69K3a9G5HTI0YOGyMclHxwPkN42vycg0LvPA5lDMSYt5Tlm_j9O9HPRU-n9d2ztJqoKyxYTB2Y4iV4w5hRgz-lRrQPEu5s5h4k4xSkAV6xi91wj7DxRGOrQ:1qpsSz:v6fth53hy4xaV7WY-RNrDtBSONasTDODA4jdnvSwjIQ','2023-10-10 15:46:45.646717');
INSERT INTO django_session VALUES('u1c14um128a7o1itujpqegwqik80kkpc','eyJjYXJ0Ijp7fX0:1qpgWJ:HAzutfaievxg_zbYYXp9n6gVxTnMkbhOF5mDFBEoGjo','2023-10-10 03:01:23.969388');
INSERT INTO django_session VALUES('0kz133i8ba643lxx4s2wo11cka68f10o','eyJjYXJ0Ijp7fX0:1qpgiq:kEF2_PqR_cDhGZ1GemMG7bVdpSqKo5YjUaN55Al5dMI','2023-10-10 03:14:20.581327');
INSERT INTO django_session VALUES('23wg0xehygw69kfk8z4bscssdicfvm7h','eyJjYXJ0Ijp7fX0:1qph8z:ZDp6c7js9w8i6De6blW92NffIqOBtg36XyNCMeunMmI','2023-10-10 03:41:21.208957');
INSERT INTO django_session VALUES('s5s0h1a6p4z4tfydfrsb323b1c7v1e8g','eyJjYXJ0Ijp7fX0:1qphTC:laUEQVhfvfqP-5hOMx9KpfZxgkYcb6H9tvSxOyOJsfQ','2023-10-10 04:02:14.419557');
INSERT INTO django_session VALUES('m421nfci914jfi1pa0tirrdwvhlmmylv','eyJjYXJ0Ijp7fX0:1qphYr:hta15zhicE2C8o5o49Ba35SM34ik77rcoRi8JigXNR4','2023-10-10 04:08:05.681182');
INSERT INTO django_session VALUES('zwi8aeb31v6qgt4352axyweady2rp85n','eyJjYXJ0Ijp7fX0:1qpiQL:ARaGur23m2-hlo3IcghoN8W0wHVWRVlxWj7OgGrF-BU','2023-10-10 05:03:21.285554');
INSERT INTO django_session VALUES('qd9skdv9r64k5z96imfv38sywk0d9ljn','eyJjYXJ0Ijp7fX0:1qpiez:LEqdGuiww5TySw5H2AvG8kvtquH7vQym8wJnn6ZZxEM','2023-10-10 05:18:29.329658');
INSERT INTO django_session VALUES('l8y7fmr2kefqg299gtxacr0n80j15ahk','eyJjYXJ0Ijp7fX0:1qpirK:5mn2VWzWcx4vdXKNuX0iZlEpSV19orOVPizAom6N48E','2023-10-10 05:31:14.403736');
INSERT INTO django_session VALUES('nt6kpmdne9wsey7vbjkf3fvajw1znnfo','eyJjYXJ0Ijp7fX0:1qpirK:5mn2VWzWcx4vdXKNuX0iZlEpSV19orOVPizAom6N48E','2023-10-10 05:31:14.442420');
INSERT INTO django_session VALUES('5sagahbxg6cd5oxec9m1rn0jguk9cta2','eyJjYXJ0Ijp7fX0:1qpirK:5mn2VWzWcx4vdXKNuX0iZlEpSV19orOVPizAom6N48E','2023-10-10 05:31:14.442955');
INSERT INTO django_session VALUES('wawu3g787q5l1qz9zyjh33e3onfjau04','eyJjYXJ0Ijp7fX0:1qpirK:5mn2VWzWcx4vdXKNuX0iZlEpSV19orOVPizAom6N48E','2023-10-10 05:31:14.991736');
INSERT INTO django_session VALUES('v2b09egaah2jqdaarf4encxfmxnrvmpn','eyJjYXJ0Ijp7fX0:1qpirL:OGcJZH20kAEGAJbVT_4pe1LzM4fGbuBxrZ6NLHGNtDw','2023-10-10 05:31:15.097470');
INSERT INTO django_session VALUES('csmf5qrkmqejlt9bvk2ipmd3cjv762sh','eyJjYXJ0Ijp7fX0:1qpirL:OGcJZH20kAEGAJbVT_4pe1LzM4fGbuBxrZ6NLHGNtDw','2023-10-10 05:31:15.742496');
INSERT INTO django_session VALUES('cwaltvg9z3nil76u7hqqd5h8bi9koqmi','eyJjYXJ0Ijp7fX0:1qpirM:gCI45WTtXvz5hPKR3s7ps1HnZ-tFDFvsYPG3Z5yRg4c','2023-10-10 05:31:16.246437');
INSERT INTO django_session VALUES('esnrqi37s1cwtlkp2s1a7eqgbablbid3','eyJjYXJ0Ijp7fX0:1qpirV:R-PEsYdUz9hlX-N93VrCiOMSFhnFibAwrd3pliRAW2s','2023-10-10 05:31:25.875234');
INSERT INTO django_session VALUES('jeqzvpg3uoxlqrb46y76dmdhsbt07wao','eyJjYXJ0Ijp7fX0:1qpjPJ:f8LBaQuwI1t0Y1yIYWSpeK7b8ktiauPbzxKGUac8MIA','2023-10-10 06:06:21.541422');
INSERT INTO django_session VALUES('xj358zy3w3olf970t2hmfapifxxx2eel','eyJjYXJ0Ijp7fX0:1qpjUV:EkjZpbvOF-E2YVSGpMjOfTGuoS3HWQaLg3EwKqCITQ8','2023-10-10 06:11:43.808993');
INSERT INTO django_session VALUES('t8gapy8ldv61fr52zrr8ehqw7ummpwtd','eyJjYXJ0Ijp7fX0:1qpjUV:EkjZpbvOF-E2YVSGpMjOfTGuoS3HWQaLg3EwKqCITQ8','2023-10-10 06:11:43.920292');
INSERT INTO django_session VALUES('l3az81n73if3zaf7li0n5q2dt9dj4yms','.eJxVjDsOgzAQBe-ydWT5s_5Rps8ZkL22Y5IIJAwV4u4BiYb2zczbgMK8QLftD-jDutR-bXnuhwQdSAG3MQb65vEk6RPG98RoGpd5iOxU2EUbe00p_56XezuoodWj5kr6zIXGiLF4SSYZV1BYTmiFtdIgtySjI8VzOTRU2XhCZRzJ4LSG_Q8ihToD:1qpkhZ:Vlxe3_Ahs3f-54p5m8iKBqVoEnNCJdghwb-QPgo3xBU','2023-10-10 07:29:17.048227');
INSERT INTO django_session VALUES('c7lrf08htwlc0cedsll3aptumy5bwg26','eyJjYXJ0Ijp7fX0:1qpkTZ:Sn_2HyOTCdHtqtTcixsKUnKFAcL_ErUi7Yfe7UUxwp4','2023-10-10 07:14:49.581056');
INSERT INTO django_session VALUES('u1vhv4w43uyhcvzkjxak7da6rxl9wbr8','eyJjYXJ0Ijp7fX0:1qpkhX:twUNlfCALeA--f5ENrQaKQ3DV_ZqBIxgppTbyPtp__M','2023-10-10 07:29:15.649420');
INSERT INTO django_session VALUES('j9vhnrlr47j40x9yihyjzvk81ix6hwdy','eyJjYXJ0Ijp7fX0:1qpkxY:vK57HiENHIPNi2GWV3vNusgu0DszCcjiSGC7FPxTpIU','2023-10-10 07:45:48.267881');
INSERT INTO django_session VALUES('mr8yxqc9s64zgbzmy1vbh5zg9termyb2','eyJjYXJ0Ijp7fX0:1qplGl:IG_dJjhIHZUPT8Zr-0wwqF2_91E78oKxnv_KGEk98Ro','2023-10-10 08:05:39.607292');
INSERT INTO django_session VALUES('sse21icdw4vudpdyr0d1m556gkydyrz4','eyJjYXJ0Ijp7fX0:1qplmT:yA0qofclxT7GTacdExxuTW6-ZgCjRQ-BiGb_9F0bDCs','2023-10-10 08:38:25.247180');
INSERT INTO django_session VALUES('7cd5c0s6dyamy3nynfk60gpremecoecv','eyJjYXJ0Ijp7fX0:1qpmSq:zFxe-bocE42HG-AX0CTtApAy29mh-Mxmll58cXNI45M','2023-10-10 09:22:12.127897');
INSERT INTO django_session VALUES('08gfbsqjgdzdsao0d1j0b7e9opfgdr08','eyJjYXJ0Ijp7fX0:1qpn9C:ZmcP6aoVZrrDbthCTrJMGgdO9eNZmVaTRP4OXeyEZQA','2023-10-10 10:05:58.878953');
INSERT INTO django_session VALUES('svrydj5vv2d497uykid56cov8gg0olp2','eyJjYXJ0Ijp7fX0:1qpnNU:rx5MqML2MAcMtIsWC1dDu3SD3u_igFjxI_koyUfFi1o','2023-10-10 10:20:44.168058');
INSERT INTO django_session VALUES('tsz78ja7vc4lyntrlohld5i36ae9lxfq','eyJjYXJ0Ijp7fX0:1qpnNU:rx5MqML2MAcMtIsWC1dDu3SD3u_igFjxI_koyUfFi1o','2023-10-10 10:20:44.414066');
INSERT INTO django_session VALUES('pqbdvf1355d0doqfa10pl3wzp8b5k1ip','eyJjYXJ0Ijp7fX0:1qpnrc:VVaCZNpIx2qlp0pcOOrfQktIkPxEImj_B4jn6ULikM4','2023-10-10 10:51:52.191131');
INSERT INTO django_session VALUES('ecqlkbjcw3n6dy9wbg5aowkdpjpwnoam','eyJjYXJ0Ijp7fX0:1qpoB1:OPlzg4Xbw4jIcuEGdkOGGymcfy99819KJdk9eVm_rlQ','2023-10-10 11:11:55.977083');
INSERT INTO django_session VALUES('jpu9g4ob0iydcyh9uodn2kod47oni0vb','eyJjYXJ0Ijp7fX0:1qpoTe:E5SZZYBRecOt6FagiTvfsze_xkvu-uKxxsCXC1hrLgc','2023-10-10 11:31:10.903735');
INSERT INTO django_session VALUES('vyvi92mpppcxweaywusfjtyem9pjofj2','eyJjYXJ0Ijp7fX0:1qpoTy:zT10eq1KLormNxxyoihXCcTA1eL9JSwkMVfHLyhKsK0','2023-10-10 11:31:30.950864');
INSERT INTO django_session VALUES('kbvo196xseq47y6860vskfkewe16lvxi','eyJjYXJ0Ijp7fX0:1qposq:hoc_Mwo0pQOjQtgyTHUg9JNLjCQ4qTOlX-J4UEDbf18','2023-10-10 11:57:12.407519');
INSERT INTO django_session VALUES('19rh7v9deijn45xpbosufehr9soxnca1','eyJjYXJ0Ijp7fX0:1qppjI:_FCJO3Yef4zKw9J-_MMhPDX5UpKD7F5B9ZKGiPRYPMA','2023-10-10 12:51:24.163053');
INSERT INTO django_session VALUES('kk00spax4wmdlrsvjaojspkiyxz2hlrx','eyJjYXJ0Ijp7fX0:1qppzk:rTnXYJPeRLmsDVFmojP2yT2e1n8SF6G1MsDfx6zBqq8','2023-10-10 13:08:24.105404');
INSERT INTO django_session VALUES('4ut6tnaqonyy3zpc8cd7blbls4rcryjc','eyJjYXJ0Ijp7fX0:1qpq7k:EY0CReuwnbzPqcHwL9l9q0DxlFBV3_qdbnl4H_TMjbE','2023-10-10 13:16:40.262057');
INSERT INTO django_session VALUES('4u6nh69ep1en5on8527sonxo084f76sh','eyJjYXJ0Ijp7fX0:1qpqzK:Dyp1mY1XqzAor0uukrYPDqcrhM_7GxdKd3FQg1UoOc0','2023-10-10 14:12:02.337032');
INSERT INTO django_session VALUES('xxtvg2silt7881f8gk319ylbpqb0l99q','eyJjYXJ0Ijp7fX0:1qprZw:vNRuSomg-MQTTvyeRutTRkuwQY044P1gk5vrRvcwX5Q','2023-10-10 14:49:52.195822');
INSERT INTO django_session VALUES('ueo90gq73qiz5jxgbk1bggl4jtrqhuit','eyJjYXJ0Ijp7fX0:1qprl8:rgVqOtu6gr-rH-4WxqQY3nUcT0i3XplaeKc2D3FPsAw','2023-10-10 15:01:26.005433');
INSERT INTO django_session VALUES('aya4i2ijywel91ofv0wtqib52tvs7bvk','eyJjYXJ0Ijp7fX0:1qpsWi:8lf7nhzJpEa06sP1JzIhqEwGo74o253AeBMCnc0nz7k','2023-10-10 15:50:36.560072');
INSERT INTO django_session VALUES('mdp16nidq6qd1ee165sn25ta9mykjfwd','eyJjYXJ0Ijp7fX0:1qpsgm:bIqvfBUrO0zwVMt2s02io9RVF0qBGgutwWIK_AZVQHE','2023-10-10 16:01:00.988938');
INSERT INTO django_session VALUES('78mb19e53afz6e2b3nhr7l9du0ng0g58','eyJjYXJ0Ijp7fX0:1qptEQ:TTaG9bYE4qg12wuw8BcW4CttSJRedMWhQ1S_-wIZmyM','2023-10-10 16:35:46.965897');
CREATE TABLE IF NOT EXISTS "store_category" ("id" SERIAL NOT NULL PRIMARY KEY, "title" varchar(50) NOT NULL, "slug" varchar(50) NOT NULL, "title_en" varchar(50) NULL, "title_pt" varchar(50) NULL);
INSERT INTO store_category VALUES(13,'NEW CARS','new_cars','NEW CARS','CARROS NOVOS');
INSERT INTO store_category VALUES(14,'AFFORDABLE CARS','afforable_cars','AFFORDABLE CARS','CARROS  ACESSVEIS');
INSERT INTO store_category VALUES(15,'USED CARS','used_cars','USED CARS','CARROS USADO');
INSERT INTO store_category VALUES(16,'ORIGINAL BATTERY','original_battery','ORIGINAL BATTERY','BATERIA ORIGINAL');
INSERT INTO store_category VALUES(17,'BUSES AND TRUCKS','bus_trucks','BUSES AND TRUCKS','NIBUS E CAMINHES');
INSERT INTO store_category VALUES(18,'CAR ENGINE','car_engine','CAR ENGINE','MOTOR DE CARRO');
INSERT INTO store_category VALUES(19,'GEAR BOX','gear_box','GEAR BOX','CAIXA DE VELOCIDADES');
INSERT INTO store_category VALUES(20,'ENGINE AND PISTON PARTS','engine_piston','ENGINE AND PISTON PARTS','PEAS DO MOTOR E PISTON');
CREATE TABLE store_subcategory (id SERIAL NOT NULL PRIMARY KEY, title varchar (50) NOT NULL, slug varchar (50) NOT NULL, category_id bigint NOT NULL REFERENCES store_category (id) DEFERRABLE INITIALLY DEFERRED, "title_en" varchar(50) NULL, "title_pt" varchar(50) NULL);
INSERT INTO store_subcategory VALUES(61,'ROLLS ROYCE','rolls_royce',13,'ROLLS ROYCE','ROLLS ROYCE');
INSERT INTO store_subcategory VALUES(62,'BENTLEY','bentley',13,'BENTLEY','BENTLEY');
INSERT INTO store_subcategory VALUES(63,'JETOUR  CARROS','jetour',13,'JETOUR CARS','JETOUR  CARROS');
INSERT INTO store_subcategory VALUES(64,'BMW CARROS','bmw',13,'BMW CARS','BMW CARROS');
INSERT INTO store_subcategory VALUES(65,'VOLVO CARROS','volvo',13,'VOLVO CAR','VOLVO CARROS');
INSERT INTO store_subcategory VALUES(66,'AUDI CARROS','audi',13,'AUDI CAR','AUDI CARROS');
INSERT INTO store_subcategory VALUES(67,'TOYOTA CARROS','toyota',13,'TOYOTA CAR','TOYOTA CARROS');
INSERT INTO store_subcategory VALUES(68,'MITSUBISHI CARROS','mitsubishi',13,'MITSUBISHI CAR','MITSUBISHI CARROS');
INSERT INTO store_subcategory VALUES(69,'HYUNDAI CARROS','hyundai',13,'HYUNDAI CAR','HYUNDAI CARROS');
INSERT INTO store_subcategory VALUES(70,'NISSAN CARROS','nissan',13,'NISSAN CAR','NISSAN CARROS');
INSERT INTO store_subcategory VALUES(71,'SUZUKI CARROS','suzuki',13,'SUZUKI CAR','SUZUKI CARROS');
INSERT INTO store_subcategory VALUES(72,'KIA CARROS','kia',13,'KIA CAR','KIA CARROS');
INSERT INTO store_subcategory VALUES(73,'FORD CARROS','ford',13,'FORD CAR','FORD CARROS');
INSERT INTO store_subcategory VALUES(74,'CHEVROLET CARROS','chevrolet',13,'CHEVROLET CAR','CHEVROLET CARROS');
INSERT INTO store_subcategory VALUES(75,'RENAULT CARROS','renault',13,'RENAULT CAR','RENAULT CARROS');
INSERT INTO store_subcategory VALUES(76,'GMC CARROS','gmc',13,'GMC CAR','GMC CARROS');
INSERT INTO store_subcategory VALUES(77,'FIAT CARROS','fiat',13,'FIAT CAR','FIAT CARROS');
INSERT INTO store_subcategory VALUES(78,'CHINA CAR','china',13,'CHINA CAR','CHINA CARROS');
INSERT INTO store_subcategory VALUES(79,'JETOUR  CAR','jetour',14,'JETOUR  CAR','JETOUR  CARROS');
INSERT INTO store_subcategory VALUES(80,'BMW CAR','bmw',14,'BMW CAR','BMW CARROS');
INSERT INTO store_subcategory VALUES(81,'MERCEDES CAR','mercedes',14,'MERCEDES CAR','MERCEDES CARROS');
INSERT INTO store_subcategory VALUES(82,'VOLVO CAR','volvo',14,'VOLVO CAR','VOLVO CARROS');
INSERT INTO store_subcategory VALUES(83,'AUDI CAR','audi',14,'AUDI CAR','AUDI CARROS');
INSERT INTO store_subcategory VALUES(84,'TOYOTA CAR','toyota',14,'TOYOTA CAR','TOYOTA CARROS');
INSERT INTO store_subcategory VALUES(85,'MITSUBISHI CAR','mitsubishi',14,'MITSUBISHI CAR','MITSUBISHI CARROS');
INSERT INTO store_subcategory VALUES(86,'HYUNDAI CAR','hyundai',14,'HYUNDAI CAR','HYUNDAI CARROS');
INSERT INTO store_subcategory VALUES(87,'TRUCKS AND BUSES','truckbus',14,'TRUCKS AND BUSES','CAMINHES E NIBUS');
INSERT INTO store_subcategory VALUES(88,'NISSAN CAR','nissan',14,'NISSAN CAR','NISSAN CARROS');
INSERT INTO store_subcategory VALUES(89,'SUZUKI CAR','suzuki',14,'SUZUKI CAR','SUZUKI CARROS');
INSERT INTO store_subcategory VALUES(90,'KIA CAR','kia',14,'KIA CAR','KIA CARROS');
INSERT INTO store_subcategory VALUES(91,'FORD CAR','ford',14,'FORD CAR','FORD CARROS');
INSERT INTO store_subcategory VALUES(92,'CHEVROLET CAR','chevrolet',14,'CHEVROLET CAR','CHEVROLET CARROS');
INSERT INTO store_subcategory VALUES(93,'RENAULT CAR','renault',14,'RENAULT CAR','RENAULT CARROS');
INSERT INTO store_subcategory VALUES(94,'GMC CAR','gmc',14,'GMC CAR','GMC CARROS');
INSERT INTO store_subcategory VALUES(95,'MAZDA CAR','mazda',14,'MAZDA CAR','MAZDA CARROS');
INSERT INTO store_subcategory VALUES(96,'HONDA CAR','honda',14,'HONDA CAR','HONDA CARROS');
INSERT INTO store_subcategory VALUES(97,'FIAT CAR','fiat',14,'FIAT CAR','FIAT CARROS');
INSERT INTO store_subcategory VALUES(98,'CHINA CAR','china',14,'CHINA CAR','CHINA CARROS');
INSERT INTO store_subcategory VALUES(99,'JETOUR  CAR','jetour',15,'JETOUR  CAR','JETOUR  CARROS');
INSERT INTO store_subcategory VALUES(100,'BMW CAR','bmw',15,'BMW CAR','BMW CARROS');
INSERT INTO store_subcategory VALUES(101,'MERCEDES CAR','mercedes',15,'MERCEDES CAR','MERCEDES CARROS');
INSERT INTO store_subcategory VALUES(102,'VOLVO CAR','volvo',15,'VOLVO CAR','VOLVO CARROS');
INSERT INTO store_subcategory VALUES(103,'TOYOTA CAR','toyota',15,'TOYOTA CAR','TOYOTA CARROS');
INSERT INTO store_subcategory VALUES(104,'MITSUBISHI CAR','mitsubishi',15,'MITSUBISHI CAR','MITSUBISHI CARROS');
INSERT INTO store_subcategory VALUES(105,'HYUNDAI CAR','hyundai',15,'HYUNDAI CAR','HYUNDAI CARROS');
INSERT INTO store_subcategory VALUES(106,'AUDI CAR','audi',15,'AUDI CAR','AUDI CARROS');
INSERT INTO store_subcategory VALUES(107,'TRUCKS AND BUSES','truckbus',15,'TRUCKS AND BUSES','CAMINHES E NIBUS');
INSERT INTO store_subcategory VALUES(108,'NISSAN CAR','nissan',15,'NISSAN CAR','NISSAN CARROS');
INSERT INTO store_subcategory VALUES(109,'SUZUKI CAR','suzuki',15,'SUZUKI CAR','SUZUKI CARROS');
INSERT INTO store_subcategory VALUES(110,'KIA CAR','kia',15,'KIA CAR','KIA CARROS');
INSERT INTO store_subcategory VALUES(111,'FORD CAR','ford',15,'FORD CAR','FORD CARROS');
INSERT INTO store_subcategory VALUES(112,'CHEVROLET CAR','chevrolet',15,'CHEVROLET CAR','CHEVROLET CARROS');
INSERT INTO store_subcategory VALUES(113,'RENAULT CAR','renault',15,'RENAULT CAR','RENAULT CARROS');
INSERT INTO store_subcategory VALUES(114,'GMC CAR','gmc',15,'GMC CAR','GMC CARROS');
INSERT INTO store_subcategory VALUES(115,'MAZDA CAR','mazda',15,'MAZDA CAR','MAZDA CARROS');
INSERT INTO store_subcategory VALUES(116,'HONDA CAR','honda',15,'HONDA CAR','HONDA CARROS');
INSERT INTO store_subcategory VALUES(117,'FIAT CAR','fiat',15,'FIAT CAR','FIAT CARROS');
INSERT INTO store_subcategory VALUES(118,'CHINA CAR','china',15,'CHINA CAR','CHINA CARROS');
INSERT INTO store_subcategory VALUES(119,'36 AH Ampere','36ah',16,'36 AH Ampere','36 AH Ampre');
INSERT INTO store_subcategory VALUES(120,'45 AH Ampere','45ah',16,'45 AH Ampere','45 AH Ampre');
INSERT INTO store_subcategory VALUES(121,'55 AH Ampere','55ah',16,'55 AH Ampere','55 AH Ampre');
INSERT INTO store_subcategory VALUES(122,'66 AH Ampere','66ah',16,'66 AH Ampere','66 AH Ampre');
INSERT INTO store_subcategory VALUES(123,'75 AH Ampere','75ah',16,'75 AH Ampere','75 AH Ampre');
INSERT INTO store_subcategory VALUES(124,'95 AH Ampere','95ah',16,'95 AH Ampere','95 AH Ampre');
INSERT INTO store_subcategory VALUES(125,'100 & 150 AH Ampere','100and150',16,'100 & 150 AH Ampere','100 & 150 AH Ampre');
INSERT INTO store_subcategory VALUES(126,'ALL BUS','allbus',17,'ALL BUS','TUDO NIBUS');
INSERT INTO store_subcategory VALUES(127,'ALL TRUCKS','alltrucks',17,'ALL TRUCKS','TUDO CAMINHES');
INSERT INTO store_subcategory VALUES(128,'TOYOTA TRUCKS','toyota_trucks',17,'TOYOTA TRUCKS','TOYOTA CAMINHES');
INSERT INTO store_subcategory VALUES(129,'TOYOTA BUS HIACE','toyota_hiace',17,'TOYOTA BUS HIACE','TOYOTA NIBUS HIACE');
INSERT INTO store_subcategory VALUES(130,'HYUNDAI BUS','hyundai_bus',17,'HYUNDAI BUS','HYUNDAI NIBUS');
INSERT INTO store_subcategory VALUES(131,'MITSUBISHI CANTER','mitsubishi_canter',17,'MITSUBISHI CANTER','MITSUBISHI CANTER');
INSERT INTO store_subcategory VALUES(132,'MERCEDES TRUCKS','mercedes_trucks',17,'MERCEDES TRUCKS','MERCEDES CAMINHES');
INSERT INTO store_subcategory VALUES(133,'HOWO TRUCKS','hawo_trucks',17,'HOWO TRUCKS','HOWO CAMINHES');
INSERT INTO store_subcategory VALUES(134,'VOLVO TRUCKS','volvo_trucks',17,'VOLVO TRUCKS','VOLVO CAMINHES');
INSERT INTO store_subcategory VALUES(135,'DINO TRUCKS','dino_trucks',17,'DINO TRUCKS','DINO CAMINHES');
INSERT INTO store_subcategory VALUES(136,'MAN TRUCKS','man_trucks',17,'MAN TRUCKS','MAN CAMINHES');
INSERT INTO store_subcategory VALUES(137,'IVECO TRUCKS','iveco_trucks',17,'IVECO TRUCKS','IVECO CAMINHES');
INSERT INTO store_subcategory VALUES(138,'DAF TRUCKS','daf_trucks',17,'DAF TRUCKS','DAF CAMINHES');
INSERT INTO store_subcategory VALUES(139,'VOLKSWAGEN TRUCKS','volkswagen_trucks',17,'VOLKSWAGEN TRUCKS','VOLKSWAGEN CAMINHES');
INSERT INTO store_subcategory VALUES(140,'JETOUR ENGINE','jetour_engine',18,'JETOUR ENGINE','JETOUR MOTOR');
INSERT INTO store_subcategory VALUES(141,'BMW ENGINE','bmw_engine',18,'BMW ENGINE','BMW MOTOR');
INSERT INTO store_subcategory VALUES(142,'MERCEDES ENGINE','mercedes_engine',18,'MERCEDES ENGINE','MERCEDES MOTOR');
INSERT INTO store_subcategory VALUES(143,'VOLVO ENGINE','volvo_engine',18,'VOLVO ENGINE','VOLVO MOTOR');
INSERT INTO store_subcategory VALUES(144,'AUDI ENGINE','audi_engine',18,'AUDI ENGINE','AUDI MOTOR');
INSERT INTO store_subcategory VALUES(145,'TOYOTA ENGINE','toyota_engine',18,'TOYOTA ENGINE','TOYOTA MOTOR');
INSERT INTO store_subcategory VALUES(147,'MITSUBISHI ENGINE','mitsubishi_engine',18,'MITSUBISHI ENGINE','MITSUBISHI MOTOR');
INSERT INTO store_subcategory VALUES(148,'HYUNDAI ENGINE','hyundai_engine',18,'HYUNDAI ENGINE','HYUNDAI ENGINE');
INSERT INTO store_subcategory VALUES(149,'NISSAN ENGINE','nissan_engine',18,'NISSAN ENGINE','NISSAN MOTOR');
INSERT INTO store_subcategory VALUES(150,'SUZUKI ENGINE','suzuki_engine',18,'SUZUKI ENGINE','SUZUKI MOTOR');
INSERT INTO store_subcategory VALUES(151,'KIA ENGINE','kia_engine',18,'KIA ENGINE','KIA MOTOR');
INSERT INTO store_subcategory VALUES(152,'FORD ENGINE','ford_engine',18,'FORD ENGINE','FORD MOTOR');
INSERT INTO store_subcategory VALUES(153,'CHEVROLET ENGINE','chevrolet_engine',18,'CHEVROLET ENGINE','CHEVROLET MOTOR');
INSERT INTO store_subcategory VALUES(154,'RENAULT ENGINE','renault_engine',18,'RENAULT ENGINE','RENAULT MOTOR');
INSERT INTO store_subcategory VALUES(155,'MAZDA ENGINE','mazda_engine',18,'MAZDA ENGINE','MAZDA MOTOR');
INSERT INTO store_subcategory VALUES(156,'GMC MOTOR','gmc_motor',18,'GMC ENGINE','GMC MOTOR');
INSERT INTO store_subcategory VALUES(157,'HONDA MOTOR','honda_engine',18,'HONDA ENGINE','HONDA MOTOR');
INSERT INTO store_subcategory VALUES(158,'FIAT MOTOR','fiat_motor',18,'FIAT ENGINE','FIAT MOTOR');
INSERT INTO store_subcategory VALUES(159,'CHINA MOTOR','china_motor',18,'CHINA ENGINE','CHINA MOTOR');
INSERT INTO store_subcategory VALUES(160,'JETOUR CAIXA','jetour_box',19,'JETOUR  BOX','JETOUR CAIXA');
INSERT INTO store_subcategory VALUES(161,'BMW CAIXA','bmw_box',19,'BMW BOX','BMW CAIXA');
INSERT INTO store_subcategory VALUES(162,'MERCEDES CAIXA','mercedes_box',19,'MERCEDES BOX','MERCEDES CAIXA');
INSERT INTO store_subcategory VALUES(163,'VOLVO CAIXA','volvo_box',19,'VOLVO BOX','VOLVO CAIXA');
INSERT INTO store_subcategory VALUES(164,'AUDI CAIXA','audi_box',19,'AUDI BOX','AUDI CAIXA');
INSERT INTO store_subcategory VALUES(165,'TOYOTA CAIXA','toyota_box',19,'TOYOTA BOX','TOYOTA CAIXA');
INSERT INTO store_subcategory VALUES(166,'MITSUBISHI CAIXA','mitsubishi_box',19,'MITSUBISHI BOX','MITSUBISHI CAIXA');
INSERT INTO store_subcategory VALUES(167,'HYUNDAI CAIXA','hyundai_box',19,'HYUNDAI BOX','HYUNDAI CAIXA');
INSERT INTO store_subcategory VALUES(168,'NISSAN CAIXA','nissan_box',19,'NISSAN BOX','NISSAN CAIXA');
INSERT INTO store_subcategory VALUES(169,'SUZUKI CAIXA','suzuki_box',19,'SUZUKI BOX','SUZUKI CAIXA');
INSERT INTO store_subcategory VALUES(170,'KIA CAIXA','kia_box',19,'KIA BOX','KIA CAIXA');
INSERT INTO store_subcategory VALUES(171,'FORD CAIXA','ford_box',19,'FORD BOX','FORD CAIXA');
INSERT INTO store_subcategory VALUES(172,'CHEVROLET CAIXA','chevrolet_box',19,'CHEVROLET BOX','CHEVROLET CAIXA');
INSERT INTO store_subcategory VALUES(173,'RENAULT CAIXA','renault_box',19,'RENAULT BOX','RENAULT CAIXA');
INSERT INTO store_subcategory VALUES(174,'GMC CAIXA','gmc_box',19,'GMC BOX','GMC CAIXA');
INSERT INTO store_subcategory VALUES(175,'MAZDA CAIXA','mazda_box',19,'MAZDA BOX','MAZDA CAIXA');
INSERT INTO store_subcategory VALUES(176,'HONDA CAIXA','honda_box',19,'HONDA BOX','HONDA CAIXA');
INSERT INTO store_subcategory VALUES(177,'FIAT CAIXA','fiat_box',19,'FIAT BOX','FIAT CAIXA');
INSERT INTO store_subcategory VALUES(178,'CAPAS & SEGMENTO','covers_and_segment',20,'COVERS & SEGMENT','CAPAS & SEGMENTO');
INSERT INTO store_subcategory VALUES(179,'ALTERNATOR_MOTOR DEARRANQUE','alternator',20,'ALTERNATOR_STARTER MOTOR','ALTERNATOR_MOTOR DEARRANQUE');
INSERT INTO store_subcategory VALUES(180,'COMPRESSOR','compressor',20,'COMPRESSOR','COMPRESSOR');
INSERT INTO store_subcategory VALUES(181,'RADIADOR','radiator',20,'RADIATOR','RADIADOR');
INSERT INTO store_subcategory VALUES(182,'COMBOTA','crankshaft',20,'CRANKSHAFT','COMBOTA');
INSERT INTO store_subcategory VALUES(183,'DISCO','disco',20,'DISCO','DISCO');
INSERT INTO store_subcategory VALUES(184,'PRENSA','press',20,'PRESS','PRENSA');
CREATE TABLE IF NOT EXISTS "userprofile_state" ("id" SERIAL NOT NULL PRIMARY KEY, "state" varchar(20) NULL);
INSERT INTO userprofile_state VALUES(12,'Bengo');
INSERT INTO userprofile_state VALUES(13,'Benguela');
INSERT INTO userprofile_state VALUES(14,'Bie');
INSERT INTO userprofile_state VALUES(15,'Cabinda');
INSERT INTO userprofile_state VALUES(16,'Cuando Cubango');
INSERT INTO userprofile_state VALUES(18,'Cuanza Norte');
INSERT INTO userprofile_state VALUES(19,'Cuanza Sul');
INSERT INTO userprofile_state VALUES(20,'Cunene');
INSERT INTO userprofile_state VALUES(21,'Huambo');
INSERT INTO userprofile_state VALUES(22,'Huila');
INSERT INTO userprofile_state VALUES(23,'Luanda');
INSERT INTO userprofile_state VALUES(24,'Luanda Sue');
INSERT INTO userprofile_state VALUES(25,'Luanda Norte');
INSERT INTO userprofile_state VALUES(26,'Malanje');
INSERT INTO userprofile_state VALUES(27,'Mexico');
INSERT INTO userprofile_state VALUES(28,'Namibe');
INSERT INTO userprofile_state VALUES(29,'Uige');
INSERT INTO userprofile_state VALUES(30,'Zaire');
CREATE TABLE IF NOT EXISTS "django_apscheduler_djangojob" ("id" varchar(255) NOT NULL PRIMARY KEY, "next_run_time" datetime NULL, "job_state" BLOB NOT NULL);
CREATE TABLE IF NOT EXISTS "django_apscheduler_djangojobexecution" ("id" SERIAL NOT NULL PRIMARY KEY, "status" varchar(50) NOT NULL, "run_time" datetime NOT NULL, "duration" decimal NULL, "finished" decimal NULL, "exception" varchar(1000) NULL, "traceback" text NULL, "job_id" varchar(255) NOT NULL REFERENCES "django_apscheduler_djangojob" ("id") DEFERRABLE INITIALLY DEFERRED, CONSTRAINT "unique_job_executions" UNIQUE ("job_id", "run_time"));
CREATE TABLE IF NOT EXISTS "userprofile_userprofile" ("id" SERIAL NOT NULL PRIMARY KEY, "user_id" SERIAL NOT NULL UNIQUE REFERENCES "auth_user" ("id") DEFERRABLE INITIALLY DEFERRED, "company_whatsapp_number" varchar(128) NULL, "company_image" varchar(100) NULL, "about" text NULL, "company_address" varchar(255) NULL, "is_vendor" bool NOT NULL, "lga" varchar(20) NULL, "website" varchar(225) NULL, "state_id" bigint NULL REFERENCES "userprofile_state" ("id") DEFERRABLE INITIALLY DEFERRED);
INSERT INTO userprofile_userprofile VALUES(3,3,'2',NULL,NULL,NULL,0,NULL,NULL,NULL);
INSERT INTO userprofile_userprofile VALUES(9,8,NULL,'',NULL,NULL,0,NULL,NULL,NULL);
INSERT INTO userprofile_userprofile VALUES(12,12,NULL,'','',NULL,1,NULL,NULL,NULL);
INSERT INTO userprofile_userprofile VALUES(13,1,'+244953326458','uploads/profile_pic/cement2.jpg','iid ilfk cchi ljkfi viu sod osd o9iz pd hhchiohcohcj hcioc ii div gui ap okla  ewpiwl','NO.13 Nnei Along KAL',1,'bensusa','nene.com',25);
INSERT INTO userprofile_userprofile VALUES(14,21,NULL,'','',NULL,1,NULL,NULL,NULL);
CREATE TABLE IF NOT EXISTS "django_cron_cronjoblog" ("id" SERIAL NOT NULL PRIMARY KEY, "code" varchar(64) NOT NULL, "start_time" datetime NOT NULL, "end_time" datetime NOT NULL, "is_success" bool NOT NULL, "ran_at_time" time NULL, "message" text NOT NULL);
INSERT INTO django_cron_cronjoblog VALUES(1,'userprofile.reset_vendor_status_cron_job','2023-06-27 10:40:28.551654','2023-06-27 10:40:28.707961',1,NULL,'');
INSERT INTO django_cron_cronjoblog VALUES(2,'userprofile.reset_vendor_status_cron_job','2023-06-27 10:43:47.671969','2023-06-27 10:43:47.819156',1,NULL,'');
INSERT INTO django_cron_cronjoblog VALUES(3,'userprofile.reset_vendor_status_cron_job','2023-06-27 10:45:20.756984','2023-06-27 10:45:20.775873',1,NULL,'');
INSERT INTO django_cron_cronjoblog VALUES(4,'userprofile.reset_vendor_status_cron_job','2023-06-27 10:51:20.780054','2023-06-27 10:51:20.902167',1,NULL,'');
INSERT INTO django_cron_cronjoblog VALUES(5,'userprofile.reset_vendor_status_cron_job','2023-06-27 10:54:27.632512','2023-06-27 10:54:27.653506',1,NULL,'');
INSERT INTO django_cron_cronjoblog VALUES(6,'userprofile.reset_vendor_status_cron_job','2023-06-27 10:55:42.977774','2023-06-27 10:55:43.092745',1,NULL,'');
INSERT INTO django_cron_cronjoblog VALUES(7,'userprofile.reset_vendor_status_cron_job','2023-06-27 10:58:07.605939','2023-06-27 10:58:07.738421',1,NULL,'');
INSERT INTO django_cron_cronjoblog VALUES(8,'userprofile.reset_vendor_status_cron_job','2023-06-27 11:30:56.869803','2023-06-27 11:30:58.724256',1,NULL,'');
INSERT INTO django_cron_cronjoblog VALUES(9,'userprofile.reset_vendor_status_cron_job','2023-06-27 11:42:28.130712','2023-06-27 11:42:28.150723',1,NULL,'');
INSERT INTO django_cron_cronjoblog VALUES(10,'userprofile.reset_vendor_status_cron_job','2023-06-27 11:47:32.197351','2023-06-27 11:47:32.321602',1,NULL,'');
INSERT INTO django_cron_cronjoblog VALUES(11,'userprofile.reset_vendor_status_cron_job','2023-06-27 17:02:51.691207','2023-06-27 17:02:51.833923',1,NULL,'');
INSERT INTO django_cron_cronjoblog VALUES(12,'userprofile.reset_vendor_status_cron_job','2023-06-27 17:08:00.023495','2023-06-27 17:08:00.188413',1,NULL,'');
INSERT INTO django_cron_cronjoblog VALUES(13,'userprofile.reset_vendor_status_cron_job','2023-06-27 17:15:15.432937','2023-06-27 17:15:15.458936',1,NULL,'');
INSERT INTO django_cron_cronjoblog VALUES(14,'userprofile.reset_vendor_status_cron_job','2023-06-27 17:21:47.702951','2023-06-27 17:21:47.846626',1,NULL,'');
CREATE TABLE IF NOT EXISTS "django_cron_cronjoblock" ("id" SERIAL NOT NULL PRIMARY KEY, "job_name" varchar(200) NOT NULL UNIQUE, "locked" bool NOT NULL);
CREATE TABLE IF NOT EXISTS "django_celery_beat_intervalschedule" ("id" SERIAL NOT NULL PRIMARY KEY, "every" SERIAL NOT NULL, "period" varchar(24) NOT NULL);
INSERT INTO django_celery_beat_intervalschedule VALUES(1,60,'seconds');
CREATE TABLE IF NOT EXISTS "django_celery_beat_periodictasks" ("ident" smallint NOT NULL PRIMARY KEY, "last_update" datetime NOT NULL);
INSERT INTO django_celery_beat_periodictasks VALUES(1,'2023-06-27 18:04:23.116766');
CREATE TABLE IF NOT EXISTS "django_celery_beat_solarschedule" ("id" SERIAL NOT NULL PRIMARY KEY, "event" varchar(24) NOT NULL, "latitude" decimal NOT NULL, "longitude" decimal NOT NULL);
CREATE TABLE IF NOT EXISTS "django_celery_beat_periodictask" ("id" SERIAL NOT NULL PRIMARY KEY, "name" varchar(200) NOT NULL UNIQUE, "task" varchar(200) NOT NULL, "args" text NOT NULL, "kwargs" text NOT NULL, "queue" varchar(200) NULL, "exchange" varchar(200) NULL, "routing_key" varchar(200) NULL, "expires" datetime NULL, "enabled" bool NOT NULL, "last_run_at" datetime NULL, "total_run_count" SERIAL unsigned NOT NULL CHECK ("total_run_count" >= 0), "date_changed" datetime NOT NULL, "description" text NOT NULL, "crontab_id" SERIAL NULL REFERENCES "django_celery_beat_crontabschedule" ("id") DEFERRABLE INITIALLY DEFERRED, "interval_id" SERIAL NULL REFERENCES "django_celery_beat_intervalschedule" ("id") DEFERRABLE INITIALLY DEFERRED, "solar_id" SERIAL NULL REFERENCES "django_celery_beat_solarschedule" ("id") DEFERRABLE INITIALLY DEFERRED, "one_off" bool NOT NULL, "start_time" datetime NULL, "priority" SERIAL unsigned NULL CHECK ("priority" >= 0), "headers" text NOT NULL, "clocked_id" SERIAL NULL REFERENCES "django_celery_beat_clockedschedule" ("id") DEFERRABLE INITIALLY DEFERRED, "expire_seconds" SERIAL unsigned NULL CHECK ("expire_seconds" >= 0));
INSERT INTO django_celery_beat_periodictask VALUES(1,'celery.backend_cleanup','celery.backend_cleanup','[]','{}',NULL,NULL,NULL,NULL,1,NULL,0,'2023-06-27 18:04:22.874991','',1,NULL,NULL,0,NULL,NULL,'{}',NULL,43200);
INSERT INTO django_celery_beat_periodictask VALUES(2,'reset_vendor_status_task','userprofile.tasks.reset_vendor_status','[]','{}',NULL,NULL,NULL,NULL,1,'2023-06-27 18:13:23.399855',9,'2023-06-27 18:13:43.440169','',NULL,1,NULL,0,NULL,NULL,'{}',NULL,NULL);
CREATE TABLE IF NOT EXISTS "django_celery_beat_clockedschedule" ("id" SERIAL NOT NULL PRIMARY KEY, "clocked_time" datetime NOT NULL);
CREATE TABLE IF NOT EXISTS "django_celery_beat_crontabschedule" ("id" SERIAL NOT NULL PRIMARY KEY, "minute" varchar(240) NOT NULL, "hour" varchar(96) NOT NULL, "day_of_week" varchar(64) NOT NULL, "day_of_month" varchar(124) NOT NULL, "month_of_year" varchar(64) NOT NULL, "timezone" varchar(63) NOT NULL);
INSERT INTO django_celery_beat_crontabschedule VALUES(1,'0','4','*','*','*','Europe/London');
CREATE TABLE IF NOT EXISTS "store_product" ("id" SERIAL NOT NULL PRIMARY KEY, "title" varchar(50) NOT NULL, "slug" varchar(50) NOT NULL, "description" text NOT NULL, "price" SERIAL NOT NULL, "created_at" datetime NOT NULL, "updated_at" datetime NOT NULL, "user_id" SERIAL NOT NULL REFERENCES "auth_user" ("id") DEFERRABLE INITIALLY DEFERRED, "image" varchar(100) NULL, "status" varchar(50) NOT NULL, "category_id" bigint NOT NULL REFERENCES "store_category" ("id") DEFERRABLE INITIALLY DEFERRED, "subcategory_id" bigint NULL REFERENCES "store_subcategory" ("id") DEFERRABLE INITIALLY DEFERRED, "image_2" varchar(100) NULL, "image_3" varchar(100) NULL, "image_4" varchar(100) NULL, "userprofile_id" bigint NULL REFERENCES "userprofile_userprofile" ("id") DEFERRABLE INITIALLY DEFERRED, "brand" varchar(20) NULL, "model" varchar(20) NULL, "condition" varchar(50) NULL);
INSERT INTO store_product VALUES(43,'Nissa Sport car','nissa-sport-car-684307',replace(replace('L IS A BUSINESS TO BUSINESS WEBSITE WHERE REGISTERED AUTOMOTIVE, AGRICULTURE, BUILDING MATERIALS, ELECTRONICS SOFTWARE TECHNOLOGY AND RETAIL COMPANIES, FIRMS & BUSINESSES IN ANGOLA GIVES SATISFACTION TO THEIR CUSTOMERS\r\n\r\nMission/Purpose','\r',char(13)),'\n',char(10)),30000000,'2023-10-03 11:05:55.623858','2023-10-09 02:52:59.742448',1,'uploads/product_images/IMG_1276_b8YwMN3.jpeg','active',13,70,'','','',NULL,'nissan','nissan','New');
INSERT INTO store_product VALUES(44,'36AH RODSON BATTERY','36ah-rodson-battery','ALLL RODSON BATTERIES',40000,'2023-10-09 06:49:55.776977','2023-10-09 06:49:55.777041',21,'uploads/product_images/images_60_efB8BDq.jpeg','active',16,119,'uploads/product_images/download_43_dWBWUPR.jpeg','','',NULL,'123456789',NULL,NULL);
INSERT INTO store_product VALUES(45,'45 AH ORIGINAL BATTERY','45-ah-original-battery','',55000,'2023-10-09 06:51:42.490331','2023-10-09 06:51:42.490386',21,'uploads/product_images/images_60_b4clyDx.jpeg','active',16,120,'uploads/product_images/download_43_S5Keldc.jpeg','','',NULL,'999999999',NULL,NULL);
INSERT INTO store_product VALUES(46,'JETOUR GX GEARBOX','jetour-gx-gearbox','',1200000,'2023-10-09 06:56:01.573824','2023-10-09 06:56:01.573893',21,'uploads/product_images/IMG-20230524-WA0057.jpg','active',19,160,'uploads/product_images/IMG-20230524-WA0063.jpg','','',NULL,'8643689',NULL,NULL);
INSERT INTO store_product VALUES(47,'BMW XSERIES GEARBOX','bmw-xseries-gearbox','all Gearbox',2000000,'2023-10-09 06:57:33.658093','2023-10-09 06:57:33.658177',21,'uploads/product_images/IMG-20230524-WA0067.jpg','active',19,161,'uploads/product_images/IMG-20230524-WA0066.jpg','','',NULL,'89988989','2017',NULL);
INSERT INTO store_product VALUES(48,'CLASS 450 GEARBOX AUTOMTICO','class-450-gearbox-automatico','AUTOMATIC GEARBOX',1100000,'2023-10-09 06:59:22.128460','2023-10-09 06:59:22.128520',21,'uploads/product_images/IMG-20230504-WA0083.jpg','active',19,162,'uploads/product_images/IMG-20230524-WA0066_PWzHatB.jpg','','',NULL,'990997777','AUTOMATIC',NULL);
INSERT INTO store_product VALUES(49,'JETOUR X50','jetour-x50','',22000000,'2023-10-09 07:00:37.802396','2023-10-09 07:00:37.802465',21,'uploads/product_images/images_58_5siSlGE.jpeg','active',14,79,'','','',NULL,'8899001111','2022',NULL);
INSERT INTO store_product VALUES(50,'BMW CX70','bmw-cx70','All BMW CARS',43000000,'2023-10-09 07:02:01.696473','2023-10-09 07:02:01.696531',21,'uploads/product_images/images_62_JYi9Za2.jpeg','active',14,80,'','','',NULL,'60033333','2018',NULL);
INSERT INTO store_product VALUES(51,'BMW 7 SERIES 2022','bmw-7-series-2022','',44000000,'2023-10-09 07:05:45.682002','2023-10-09 07:05:45.682063',21,'uploads/product_images/bmw-3-series-cs-m-automobiles-gallery-image-impressions-m3-cs-02__s4DTfqY.jpg','active',13,64,'uploads/product_images/download_42_49ZyvPq.jpeg','','',NULL,'90812763','ALL BMW CARS',NULL);
INSERT INTO store_product VALUES(52,'VOLVO TRUCK','volvo-truck','ALL VOLVO TRUCKS AVAILABLE',63000000,'2023-10-09 07:14:02.970357','2023-10-09 07:14:02.970428',21,'uploads/product_images/651c3d464131ca1f2000b5f6.jpg','active',17,134,'uploads/product_images/6512419d7e086b780632672e.jpg','','',NULL,'9997774545','2017',NULL);
INSERT INTO store_product VALUES(53,'HOWO TRUCKS','howo-trucks','all how vehicle',77000000,'2023-10-09 07:15:41.002296','2023-10-09 07:15:41.002349',21,'uploads/product_images/ef6bcc7bb57e3d04949f239c30057653.jpg','active',17,133,'uploads/product_images/a1b9168da88eb9a9eb5b7f7e58dd7e28.jpg','','',NULL,'11232311','2021',NULL);
INSERT INTO store_product VALUES(54,'HIACE QUARADINE','hiace-quaradine','',54000000,'2023-10-09 07:18:19.741244','2023-10-09 07:18:19.741289',21,'uploads/product_images/2022-Toyota-HiAce-LWBCab-White-Mark_Oastler-1200x800-5.jpg','active',17,126,'','','',NULL,'8989777777 App',NULL,NULL);
INSERT INTO store_product VALUES(55,'JETOUR ENGINE','jetour-engine','',2000000,'2023-10-09 07:19:42.851869','2023-10-09 07:19:42.851926',21,'uploads/product_images/image_b91b67f2-4ef6-4d2d-8bad-43a210fd7e18_1024x1024_p28MuMF.jpg','active',18,140,'uploads/product_images/2022-toyota-Hilux-workmate-single-cab-ute-silver-mark-oastler-1200x800-5.jpg','','',NULL,'889999999000',NULL,NULL);
INSERT INTO store_product VALUES(56,'4MATIC 450 2022','4matic-450-2022','',6120000,'2023-10-09 07:21:23.768233','2023-10-09 07:21:23.768293',21,'uploads/product_images/detroit-mi-usa-12th-jan-2015-the-mercedes-benz-gl-450-4matic-shin_AiC3kg8.jpg','active',14,81,'uploads/product_images/9143_photo_2492490720648_875.jpg','','',NULL,'908888880000',NULL,NULL);
CREATE TABLE IF NOT EXISTS "jet_bookmark" ("id" SERIAL NOT NULL PRIMARY KEY, "url" varchar(200) NOT NULL, "title" varchar(255) NOT NULL, "user" SERIAL unsigned NOT NULL CHECK ("user" >= 0), "date_add" datetime NOT NULL);
CREATE TABLE IF NOT EXISTS "jet_pinnedapplication" ("id" SERIAL NOT NULL PRIMARY KEY, "app_label" varchar(255) NOT NULL, "user" SERIAL unsigned NOT NULL CHECK ("user" >= 0), "date_add" datetime NOT NULL);
DELETE FROM sqlite_sequence;
INSERT INTO sqlite_sequence VALUES('django_migrations',134);
INSERT INTO sqlite_sequence VALUES('django_admin_log',582);
INSERT INTO sqlite_sequence VALUES('django_content_type',26);
INSERT INTO sqlite_sequence VALUES('auth_permission',104);
INSERT INTO sqlite_sequence VALUES('auth_group',0);
INSERT INTO sqlite_sequence VALUES('auth_user',21);
INSERT INTO sqlite_sequence VALUES('store_category',21);
INSERT INTO sqlite_sequence VALUES('store_subcategory',184);
INSERT INTO sqlite_sequence VALUES('userprofile_state',30);
INSERT INTO sqlite_sequence VALUES('django_apscheduler_djangojobexecution',0);
INSERT INTO sqlite_sequence VALUES('userprofile_userprofile',14);
INSERT INTO sqlite_sequence VALUES('django_cron_cronjoblog',14);
INSERT INTO sqlite_sequence VALUES('django_celery_beat_periodictask',2);
INSERT INTO sqlite_sequence VALUES('django_celery_beat_crontabschedule',1);
INSERT INTO sqlite_sequence VALUES('django_celery_beat_intervalschedule',1);
INSERT INTO sqlite_sequence VALUES('store_product',56);
INSERT INTO sqlite_sequence VALUES('jet_bookmark',0);
INSERT INTO sqlite_sequence VALUES('jet_pinnedapplication',0);
CREATE UNIQUE INDEX "auth_group_permissions_group_id_permission_id_0cd325b0_uniq" ON "auth_group_permissions" ("group_id", "permission_id");
CREATE INDEX "auth_group_permissions_group_id_b120cbf9" ON "auth_group_permissions" ("group_id");
CREATE INDEX "auth_group_permissions_permission_id_84c5c92e" ON "auth_group_permissions" ("permission_id");
CREATE UNIQUE INDEX "auth_user_groups_user_id_group_id_94350c0c_uniq" ON "auth_user_groups" ("user_id", "group_id");
CREATE INDEX "auth_user_groups_user_id_6a12ed8b" ON "auth_user_groups" ("user_id");
CREATE INDEX "auth_user_groups_group_id_97559544" ON "auth_user_groups" ("group_id");
CREATE UNIQUE INDEX "auth_user_user_permissions_user_id_permission_id_14a6b632_uniq" ON "auth_user_user_permissions" ("user_id", "permission_id");
CREATE INDEX "auth_user_user_permissions_user_id_a95ead1b" ON "auth_user_user_permissions" ("user_id");
CREATE INDEX "auth_user_user_permissions_permission_id_1fbb5f2c" ON "auth_user_user_permissions" ("permission_id");
CREATE INDEX "django_admin_log_content_type_id_c4bce8eb" ON "django_admin_log" ("content_type_id");
CREATE INDEX "django_admin_log_user_id_c564eba6" ON "django_admin_log" ("user_id");
CREATE UNIQUE INDEX "django_content_type_app_label_model_76bd3d3b_uniq" ON "django_content_type" ("app_label", "model");
CREATE UNIQUE INDEX "auth_permission_content_type_id_codename_01ab375a_uniq" ON "auth_permission" ("content_type_id", "codename");
CREATE INDEX "auth_permission_content_type_id_2f476e4b" ON "auth_permission" ("content_type_id");
CREATE INDEX "django_session_expire_date_a5c62663" ON "django_session" ("expire_date");
CREATE INDEX "store_category_slug_2d349264" ON "store_category" ("slug");
CREATE INDEX store_subcategory_category_id_c0eefd44 ON store_subcategory ("category_id");
CREATE INDEX store_subcategory_slug_c7e435fe ON store_subcategory ("slug");
CREATE INDEX "django_apscheduler_djangojob_next_run_time_2f022619" ON "django_apscheduler_djangojob" ("next_run_time");
CREATE INDEX "django_apscheduler_djangojobexecution_run_time_16edd96b" ON "django_apscheduler_djangojobexecution" ("run_time");
CREATE INDEX "django_apscheduler_djangojobexecution_job_id_daf5090a" ON "django_apscheduler_djangojobexecution" ("job_id");
CREATE INDEX "userprofile_userprofile_state_id_bf954489" ON "userprofile_userprofile" ("state_id");
CREATE INDEX "django_cron_cronjoblog_code_48865653" ON "django_cron_cronjoblog" ("code");
CREATE INDEX "django_cron_cronjoblog_start_time_d68c0dd9" ON "django_cron_cronjoblog" ("start_time");
CREATE INDEX "django_cron_cronjoblog_end_time_7918602a" ON "django_cron_cronjoblog" ("end_time");
CREATE INDEX "django_cron_cronjoblog_ran_at_time_7fed2751" ON "django_cron_cronjoblog" ("ran_at_time");
CREATE INDEX "django_cron_cronjoblog_code_is_success_ran_at_time_84da9606_idx" ON "django_cron_cronjoblog" ("code", "is_success", "ran_at_time");
CREATE INDEX "django_cron_cronjoblog_code_start_time_4fc78f9d_idx" ON "django_cron_cronjoblog" ("code", "start_time");
CREATE INDEX "django_cron_cronjoblog_code_start_time_ran_at_time_8b50b8fa_idx" ON "django_cron_cronjoblog" ("code", "start_time", "ran_at_time");
CREATE UNIQUE INDEX "django_celery_beat_solarschedule_event_latitude_longitude_ba64999a_uniq" ON "django_celery_beat_solarschedule" ("event", "latitude", "longitude");
CREATE INDEX "django_celery_beat_periodictask_crontab_id_d3cba168" ON "django_celery_beat_periodictask" ("crontab_id");
CREATE INDEX "django_celery_beat_periodictask_interval_id_a8ca27da" ON "django_celery_beat_periodictask" ("interval_id");
CREATE INDEX "django_celery_beat_periodictask_solar_id_a87ce72c" ON "django_celery_beat_periodictask" ("solar_id");
CREATE INDEX "django_celery_beat_periodictask_clocked_id_47a69f82" ON "django_celery_beat_periodictask" ("clocked_id");
CREATE INDEX "store_product_slug_6de8ee4b" ON "store_product" ("slug");
CREATE INDEX "store_product_user_id_58ba19a0" ON "store_product" ("user_id");
CREATE INDEX "store_product_category_id_574bae65" ON "store_product" ("category_id");
CREATE INDEX "store_product_subcategory_id_4a875c72" ON "store_product" ("subcategory_id");
CREATE INDEX "store_product_userprofile_id_cfa8c1a6" ON "store_product" ("userprofile_id");
COMMIT;
